name,ASTRO,BASSIE,BLOT,BOBETTE,BOXTEN,BRIGHTNEY,BRUSHA,COAL,COCOA,CONNIE,COSMO,DANDY,DYLE,ECLIPSE,EGGSON,FINN,FLUTTER,FLYTE,GIGI,GINGER,GLISTEN,GOOB,GOURDY,LOOEY,PEBBLE,POPPY,RAZZLE & DAZZLE,RIBECCA,RODGER,RUDIE,SCRAPS,SHELLY,SHRIMPO,SOULVESTER,SPROUT,SQUIRM,TEAGAN,TISHA,TOODLES,VEE,YATTA
ASTRO,"Astro: Am I dreaming?

Astro: I wish it wasn't so noisy...

Astro: My nap will have to wait..","Astro: Bassie...You know we're here to support you.
Bassie: I-if this is about my dreams... STAY OUT!
Astro: Wha... what?
Bassie: You heard me, stay away from my sleep!... Please.
Astro: . . .
Bassie: Sorry... didn't mean to raise my voice.

Bassie: ...
Astro: Bassie, you're a bit silent.
Bassie: . . .
Astro: Everything will be alright, focus...
Bassie: You're right... everything is fineee...!
Astro: Mhm! There we are, we're calm.","Astro: Blot you seem to be trailing puddles behind you.
Blot: .ti setah ahsiT (Tisha hates it.)
Astro: Tisha...? Oh she must not like that.
Blot: .heaY .haH (Hah. Yaeh.)

Blot: !elims a no tup ortsA (Astro put on a smile!)
Astro: Hm? What was that you said...?
Blot: !elimS (Smile!)
Astro: Oh... smile! Hah... alright, thank you...
Blot: !uoy knaht ,on, oN (No ,no, thank you!)","Bobette: I'd love a good winter-wonderland dream tonight!
Astro: ...
Bobette: With snow... and whimsy... and cheer!
Astro: ...
Bobette: Astro? Pretty please? With a big cherry on top!
Astro: I'll try...?","Astro: Boxten, how have those dreams been treating you...?
Boxten: You mean the nightmares?
Astro: No... I believe I remember giving you only good dreams.
Boxten: I-I don't know Astro, maybe what you think of as a 'good dream' isn't one to me.
Astro: ...I'll keep that in mind, thank you.

Boxten: Hey Astro... been sleeping well yourself?
Astro: I sleep most days Boxten, sleeping is not difficult for me...
Boxten: Well yeah I knew that! I mean have you had good dreams?
Astro: ...Not exactly, I'm too busy giving others better rest.","Astro: Brightney, your glow is as bright as ever.
Brightney: And yours is just a feeew lumens less than mine!
Astro: Lumens, the measurement of light!
Brightney: Haha, I may have been reading up on those books you suggested.
Astro: That's nice to hear... Maybe I can suggest more soon.

Brightney: Hey Astro, ever try getting a good look at the stars?
Astro: I have some that glow in one of my personally themed exhibits...
Brightney: No, no, not the plastic ones silly! The real deal!
Astro: ...Not often, not as much as I used to.
Brightney: Ah, I see... well maybe you and I can look later!
Astro: ...Maybe, the tree blocks most of the view now.","Brusha: Astro, you're always wearing that blanket.
Astro: ... And?
Brusha: Wouldn't you want to change your style?
Astro: No, I like my blanket....I feel comfortable in it.
Brusha: Fine, I'm sure you'd look better in something else though.
Astro: ...Noted.","Coal: Bork, bwoof.
Astro: ...
Coal: ...
Astro: S-stop staring at me like that please...
Coal: Bwoof.",,"Connie: Your chats with Dandy are boring.
Astro: W-what...?
Connie: Yeah, I stuck around for one while being invisible...
Astro: Connie!
Connie: What. All you talked about was past episodes!
Astro: ...Ah uhm, alright... Sorry.

Astro: You know Connie... you have a subtle glow to you.
Connie: Oh yeaaah, makes navigating around the dark places so much easier!
Astro: Yes, I've found my own glow useful for such.
Connie: Yeah- I mean it would be more useful if I couldn't already see in the dark!
Astro: Wait, you can see in the dark?
Connie: Heh, maybe.","Cosmo: You look a little down... Do you maybe want a cooking break later?
Astro: ...No, thank you for your offer, though Cosmo. I'm sure you'll be busy.
Cosmo: Aw but cmon, I'm never too busy to spend some time with a friend!
Astro: ...
Cosmo: ...Well-If you reconsider, let me know! I'll have cookies ready incase!
Astro: ...Alright, sorry, thank you.

Astro: You've been having some interesting dreams Cosmo.
Cosmo: Which one? The one with fire, or the one with flowers?
Astro: Well the flowers were- wait, fire?
Cosmo: ...Nevermind! Nevermind! Lets talk later on that! haha...
Astro: ...",,,"Eclipse: You're a crescent moon, and I have a crescent moon on my head! We match!!
Astro: Oh... I suppose we do match...that's lovely.
Eclipse: You're lovely!! We gotta be like BEST FRIENDS!!
Astro: I uhm- I'm not sure about that... but I'd consider you a nice friend, just not my closest- or best...
Eclipse: Aw... That's okay, I understand... Do you wanna howl at the real moon together sometime?
Astro: Uhm... No thank you.","Eggson: Astro, you are getting proper rest, aren't you?
Astro: Hm...? Why do you ask?
Eggson: You seem to be dozing off some! You should really have some proper rest!
Astro: ...I'm sorry, but-
Eggson: No buts! Tell me you'll rest a proper amount when you're able!!
Astro: ...Oh, uhm- I will rest a proper amount- ...when able.","Astro: Finn do you ever dream of anything other than fish...?
Finn: Why would I ever want to NOT dream of fish???
Astro: ...Alright, never mind.
Finn: My mind is filled with nautical treasures!

Finn: Astro! Ever heard of a Sunfish?
Astro: ...
Finn: ...Astro?
Astro: Huh? Oh yes, sorry the sun-FISH, yes...
Finn: Why don't I just tell you all about it later!
Astro: Mhm, later... thank you.","Astro: Flutter, do you ever get tired from flying so often...?
Flutter: ...!
Astro: I suppose you are stronger than me then.
Flutter: ...?
Astro: Haha... no I can not fly, I mean your endurance.
Flutter: !!!

Flutter: ...?
Astro: So you got the dream I made for you...?
Flutter: !!!
Astro: Well that's lovely, happy to have helped.
Flutter: ...!
Astro: Haha, I suppose you are right.",,"Astro: Gigi... would you happen to know where some of-
Gigi: Before you continue, I did not steal anything!
Astro: So you don't know where my spare hat went?
Gigi: Oh, wait no, yeah! -I stole that!
Astro: ...I'll need that back.",,"Astro: Glisten your dreams have been a concern recently...
Glisten: Huh? OH! HAHA...Let's not talk about that here Astro!
Astro: But-
Glisten: Be so patient Astro! Later, please!
Astro: ...A-alright.","Astro: Goob I noticed you've had dreams of chasing your own tail...?
Goob: Yup!
Astro: But, you don't have one...?
Goob: Not in the dream I don't!
Astro: Right...","Gourdy: Mister Novalite...
Astro: Gourdy... if this is a discussion about your dreams again-
Gourdy: No! No! No! It's not promise!! I uh... I just-
Astro: ...Take your time.
Gourdy: Y-yeah well, it was about the dreams but, never mind I guess.
Astro: Well, know that I am always here if you ever need anything...","Looey: Astro, turn that frown upsidedown!
Astro: It's okay Looey I'm feeling fine honestly...
Looey: Aw but you always look so sad!
Astro: ...I do?

Astro: You know... sometimes I have stage fright as well.
Looey: Huh? You're talking to me? I-I don't have stage fright!
Astro: ...
Looey: ...
Astro: Maybe I'm misremembering your dream... nevermind.","Astro: Pebble, hello... What a good pet rock.
Pebble: Arf Arf!!
Astro: Oh you're excited to see me... How's Dandy?
Pebble: (Whine whine)
Astro: ...I know, I'm worried about Dandy too.

Pebble: Bark bark!
Astro: I know, I'm happy to see you too, Pebble...
Pebble: Bwoof!!
Astro: Heh...","Astro: Poppy... how many bottles of soda do you usually drink?
Poppy: Not enough to be honest!
Astro: I don't know about that, I'm certain you're losing sleep...
Poppy: Losing sleep OR, gaining hours in the day!!!
Astro: ...","Astro: How have you two been...?
Razzle & Dazzle: Hehe! I'm doing just amazing! (It's been alright, it's nice to have you here.)
Astro: Dazzle, have you been enjoying that astronomy book I gave you?
Razzle & Dazzle: I can't get him to put it down! (...The pictures are lovely.)
Astro: Heh, I'll have to tell you more about it sometime later...

Razzle & Dazzle: Astro! (Astro... nice to have you here.)
Astro: Of course, nice having you twos' company...
Razzle & Dazzle: Hehe Thanks! (We should spend time after we all finish here...)
Astro: That would be nice, I don't have much else to do.
Razzle & Dazzle: Perfect! (Mhm excited...)",,"Astro: Rodger, maybe you should focus on... other things than your investigations.
Rodger: I don't see a point in that Astro.
Astro: How about a new hobby...?
Rodger: Astro, I have plenty hobbies!
Astro: ...Maybe mooore hobbies?

Rodger: Astro! Would you mind answering some of my questions?
Astro: Yes? Yes I would mind.
Rodger: How about later? I could ask you after this!
Astro: I rather you didn't Rodger...","Rudie: ...
Astro: Looking for a good dream...?
Rudie: A little!
Astro: Say no more...
Rudie: Thank you!!!","Astro: Scraps I've noticed you drawing less...
Scraps: You have???
Astro: Yes, are you doing alright?
Scraps: I mean, I could be better, I have a lot on my mind!
Astro: I'm here to listen if you ever need.","Astro: ...Are you alright?
Shelly: Huh?? OH! You're asking me?
Astro: Uhm... yes you, Shelly.
Shelly: Yeah! I'm actually doing better knowing I got you around!
Astro: Heh, that's good I suppose.

Shelly: Astro! You think I could get a good dream tonight buddy?
Astro: Well... maybe, what were you thinking?
Shelly: Let me tame a hundred velociraptors.
Astro: Uhm... A-are you sure...?
Shelly: Astro, I've never been more sure.","Shrimpo: ASTRO, MORE LIKE BAD!
Astro: Uh... what?
Shrimpo: BADSTRO!!!

Astro: ...Shrimpo I-
Shrimpo: NO!!
Astro: But I just-
Shrimpo: I DON'T WANT TO HEAR YOUR VOICE!!!
Astro: ...",,"Astro: Sprout... Are you well?
Sprout: Eh... well enough? What do you want?
Astro: Nothing...! I just wanted to check in...
Sprout: Uh huh... No desserts you were looking for?
Astro: No not at all! Just- Nevermind...

Sprout: Astro?
Astro: ...
Sprout: Ahem- Astro!
Astro: -Yes Sprout?
Sprout: Keep focused, don't doze off when we're out here in danger.
Astro: Mhm... Sorry.","Squirm: Astro... a-are you still mad at m-me...? sniffle- snf-
Astro: What...? No, no of course not, why would I be mad at you...?
Squirm: ... Than why a-are we in a nightmare right now?
Astro: Oh... Squirm, we're not in a nightmare... we're awake.
Squirm: Sniffle, snf-
Astro: ...Don't cry Squirm, I'll be here to help.

Astro: ...I'm a bit tired.
Squirm: ...M-maybe if I work even harder next floor, you'll have to do less-!
Astro: That's very kind Squirm, but, I wouldn't want you working harder for my sake.
Squirm: B-but I want to help you!
Astro: I know... just keep your head up, and don't panic you're doing well.","Teagan: Astro, are you still talking with... Him?
Astro: Yes... well, sometimes... not as often...
Teagan: Goodness Astro, you need to make up your mind!
Astro: ...Sorry.

Astro: Teagan, are you planning one of your gatherings anytime soon?
Teagan: Astro! Why of course, I always love a good tea party!
Astro: Good, good... I could use a nice tea to calm down after this.
Teagan: I'll have you an iced tea ready, just the way you like!","Astro: Tisha my room is a bit messy again...
Tisha: Again? Astro!
Astro: ...I'm sorry, I could use the help.
Tisha: I know, you get tired, I understand! Do try and be considerate of my time though!
Astro: ...Sorry

Tisha: I've been so busy! I almost need an extra set of arms to help me out!
Astro: ...
Tisha: Oh? Is there something wrong Astro?
Astro: Nothing...","Astro: Hmm...hmm...
Toodles: I like when you hum little songs!
Astro: Ah... really?
Toodles: Yeah makes me sleepy! Like you!
Astro: Hm, I see..","Astro: Vee, how's your Mic cord? Need any untangling?
Vee: You need to start worrying about yourself more.
Astro: ..Well, is it tangled?
Vee: . . .
Astro: I'll give it a look after we finish here...
Vee: Ok. Thanks, Astro.

Vee: Hey Astro if anyone gives you issues, come to me alright?
Astro: Mhm...
Vee: Or if you need to finish a Machine faster!
Astro: Alright Vee.
Vee: OR if a Twisted tries anything!
Astro: Vee, I get it... Thank you.","Astro: Yatta nice to know you care deeply for your friends...
Yatta: Pft- HAhaha, how could I not! They're SO, SO, SO funny and kind!
Astro: In your dreams you always present them so highly...
Yatta: Haha I'm sure YOUR FRIENDS do the same!!
Astro: ...Right, ahem, anyways..."
BASSIE,"Bassie: ...
Astro: Bassie, you're a bit silent.
Bassie: . . .
Astro: Everything will be alright, focus...
Bassie: You're right... everything is fineee...!
Astro: Mhm! There we are, we're calm.

Astro: Bassie...You know we're here to support you.
Bassie: I-if this is about my dreams... STAY OUT!
Astro: Wha... what?
Bassie: You heard me, stay away from my sleep!... Please.
Astro: . . .
Bassie: Sorry... didn't mean to raise my voice.","Bassie: Doing my part, I'm doing my part... doing my part!

Bassie: Glad that's finished...

Bassie: Is one of my flowers wilted?",,"Bassie: So you're the Christmas Holiday Main?
Bobette: Hmm, last I checked, yup!
Bassie: Last you checked? Like, we could be replaced!?
Bobette: What? No, no! I meant it as a silly little comment!
Bassie: ...Oh- HAHAHAHA! You're so FUNNY!
Bobette: Uhm thanks...?

Bobette: How's the spring weather...?
Bassie: Lovely really... beautiful flowers, chirping birds!
Bobette: Wow that sounds nice!
Bassie: How's winter weather-?
Bobette: Cozy when you're sat comfy with a blanket and hot chocolate!
Bassie: Ah, that does sound wonderful and cozy!!",,"Bassie: Brightney do you have any spare lightbulbs?
Brightney: Not on me right now... but in my room I do!
Bassie: Think I could have some...? Not a fan of the dark.
Brightney: You know I might have something even better!
Bassie: O-oh...?
Brightney: I'll bring you a little night-light! It'll help I promise!","Brusha: Bassie, your flowers.
Bassie: ...W-what? What about my flowers??
Brusha: Are they always like that?
Bassie: Like what-???
Brusha: Tsk. Nevermind.",,"Bassie: Cocoa.
Cocoa: Oh! Bassie! How are you my friend!!
Bassie: Fine.
Cocoa: That's great to hear! Were you needing any help?
Bassie: No, not from you.
Cocoa: O-oh Haha... Silly Bassie always with your jokes! ...Hah

Cocoa: Ah! I love the spring season, I can't stop thinking about Easter!
Bassie: Of course you can't stop thinking about it.
Cocoa: Huh? Aren't you the same way though!
Bassie: No, I'm not like you.
Cocoa: Aw that's okay! We're all our own Toon at the end of the day!
Bassie: ...HahaHA- Ok.","Bassie: So Connie, you can go invisible? Like disappear?
Connie: I mean yeah, I can go invisible, but that doesn't mean I just disappear.
Bassie: Ah right...
Connie: Right...? Is that all you wanted to ask?
Bassie: I guess, yeah, sorry to waste any time-!
Connie: It's all good, don't stress about whatever is on your mind girl.",,,,,"Bassie: Eggson I could use some advice later...
Eggson: Advice? Eh well you're coming to the right Toon, I've got plenty wisdom...!
Bassie: Yes but it's advice on something not uhm well... egg related.
Eggson: Not egg related!? Well... I suppose I can still give more so general advice.
Bassie: Thanks Eggson...

Eggson: Ah Bassie just the Basket I wanted to see!
Bassie: Eggson! Did you need something...?
Eggson: Of course, it was something of the utmost importance actually!
Bassie: O-oh... Sounds serious...
Eggson: Sure is serious! I was in terrible need of seeing you smile!
Bassie: Aw... yeah, I'll try and smile a bit more.",,"Bassie: Flutter! It's so lovely to see you-!!
Flutter: ...!!!
Bassie: Of course I'm alright...! Never better... yup.
Flutter: ...?
Bassie: W-what? Nothing is wrong! C'mon really! Let's just enjoy each other's company.
Flutter: ...","Bassie: Flyte could you and me spend some time later?
Flyte: Uh sure, doing what though?
Bassie: Maybe pressing flowers...?
Flyte: Oh sure! Of course!
Bassie: Thank you Flyte, you're always so nice.
Flyte: Well I know you love the company!

Flyte: Bassie are my wings looking about right-?
Bassie: Huh- Why do you ask? Are you okay-?!
Flyte: Yeah I'm alright! Just don't want to stretch them the wrong way or something.
Bassie: Flyte!!
Flyte: Sorry geez, didn't think you'd get so worried about that.","Gigi: Woah... How much stuff can you carry???
Bassie: Not as much as you I'm sure...
Gigi: Seriously? Do you like- collect anything?
Bassie: ...Sometimes I like to collect pressed flowers.
Gigi: That's it? Psh, girl, we have to get you another collection!
Bassie: O-oh...?",,"Glisten: Bassie I must say those flowers are just beautiful!
Bassie: Ah, thank you! I do love spring flowers.
Glisten: Any favorites come to mind...?
Bassie: I love tulips, hyacinth, OH! And lily flowers...!
Glisten: Hmm, I've not actually heard of ""hyacinth"" before, I'll have to give them a look!","Goob: Does someone need a big hug!
Bassie: Are you asking me...? Because if so... no thank you...
Goob: Aw, but you look like you could use a hug!
Bassie: I-I do...? How so...
Goob: You seem a little down! Or more so... hmmm, tense?
Bassie: HAHAHAhaha... ha... nooo... Thanks for the offer, though.",,"Looey: Bassie, you wouldn't happen to know where my spare juggling pins are, would you?
Bassie: No... any reason you're asking me?
Looey: Well... Haha... funny story- I heard you may have helped Gigi hide some things!
Bassie: Oh no, no... that was not a one-time thing! -I'm NOT hiding anything!!
Looey: When you say it like that I sure do trust youuu... yup! Hahahaaa-
Bassie: HahaHAHAha... haha- anyways... ahem... we should focus back to what matter.","Bassie: Mh... why are you looking at me like that!
Pebble: Bworf...?
Bassie: S-sorry... You probably don't mean too.
Pebble: Arf arf!
Bassie: I'm glad I never had a pet, feels like a lot of work...
Pebble: Grrr Bark!!",,,,,,,"Bassie: Shelly... uhm do you-
Shelly: Wait! ...You got my name right!
Bassie: I uh, try to remember all my fellow ""Main"" friends...!
Shelly: We're for sure friends! Of course! Just us ""Mains"" Hahaha!
Bassie: R-right!! Haha... HaHAha!",,,"Bassie: Sprout you're so kind to want to take care of everyone...
Sprout: Well it's nothing really! Just part of my nature I guess.
Bassie: Your nature to help others? Do you know what my nature is...?
Sprout: Huh? Haha... No, that's something you gotta find out yourself!
Bassie: Right... I guess you have a point, I hope I'm kind like you.
Sprout: Well, I think you're kind if that's worth anything.","Bassie: Squirm, I noticed you crying often...
Squirm: You did...? Oh nooo... I-I'M SORRY! I DON'T MEAN TO! I- I- SNF-
Bassie: Wait no, don't cry now! I only said that because maybe I could help...?
Squirm: You.. want to help me? Snf- sniffle- I-I don't know Bassie...
Bassie: I'm capable.
Squirm: O-oh... I-I uhm... I wasn't questioning that... Snf-",,,,"Bassie: Vee do you have any trivia on flowers?
Vee: I have trivia on nearly every topic Bassie.
Bassie: Wow, you're... really talented! Really, really, talented!
Vee: Thanks, that's pretty nice to hear.
Bassie: I hope I can be as talented as you Vee.
Vee: ...Sure Bassie, sure.",
BLOT,"Blot: !elims a no tup ortsA (Astro put on a smile!)
Astro: Hm? What was that you said...?
Blot: !elimS (Smile!)
Astro: Oh... smile! Hah... alright, thank you...
Blot: !uoy knaht ,on, oN (No ,no, thank you!)

Astro: Blot you seem to be trailing puddles behind you.
Blot: .ti setah ahsiT (Tisha hates it.)
Astro: Tisha...? Oh she must not like that.
Blot: .heaY .haH (Hah. Yaeh.)",,"Blot: !rehtruf nwod gnioG (Going down further!)

Blot: ?tey revo ti sI (Is it over yet?)",,"Blot: ?netxoB (Boxten?)
Boxten: Huh? Uhm... me?
Blot: ?thgirla uoy erA (Are you alright?)
Boxten: ...Oh! You're checking on me? I'll be fine- I hope.
Blot: .esnopser gninrecnoc ylthgilS (Slightly concerning response.)

Boxten: Blot when you mime things do you actually picture them in your mind?
Blot: .haey ereht yllaer ton stahw ees yllacitcarp nac I ekil s'ti netfo os emim I (I mime so often it's like I can practically see whats not really there yeah.)
Boxten: Uhm... A little shorter?
Blot: .fo dniK... (...Kind of.)
Boxten: Oooh, ok! That's pretty neat over all if so!","Blot: .hgu thgil thgirb a hcus ...eye yM (My eye... such a bright light ugh.)
Brightney: It's lovely to have you here Blot!
Blot: .ynapmoc doog dna dnik er'uoy tsael ta lleW (Well at least you're kind and good company.)
Brightney: Huh, wish I could understand you better! I don't know how Yatta and Looey are able too.

Brightney: Ive been reading this book recently, it's all about the performing arts!
Blot: !gninetsil m'I (I'm listening!)
Brightney: Hm? Are you interested Blot? I could get you a copy!
Blot: .daer esle enoemos ot netsil tsuj rehtar d'I (I'd rather just listen to someone else read.)
Brightney: I don't think I fully understand... BUT! You're welcome to book club later for a visit!","Brusha: Blot, is she still asking for help with her ""art""?
Blot: .heaY (Yaeh.)
Brusha: Instead of helping her, you could always be my assistant for the day.
Blot: .ti tuoba kniht ll'I (I'll think about it.)",,"Cocoa: Blot! Guess what! Tisha told me that you always leave a messy trail!
Blot: .did ehs erus m'I (I'm sure she did.)
Cocoa: So I thought of a way to help! What if I followed you around with a mop!
Blot: .gnitailimuh ylpeed eb dluow tahT (That would be deeply humiliating.)
Cocoa: I'm sure you agree it's a good idea! I'll have to find a mop first, though!
Blot: .nosaes gnirps eht rof spom ediH ...fles ot etoN (Note to self... Hide mops for the spring season.)","Connie: Blot how many pairs of gloves does one Toon need to own!
Blot: !enim fo emos nelots sah ehs erus ytterp osla m'I .erom sah igiG erus m'I (I'm sure Gigi has more. I'm also pretty sure she has stolen some of mine!)
Connie: ... What?
Blot: .pmow pmoW... (...Womp womp.)
Connie: Hey don't start with that! I hear it enough from Looey.","Blot: .edam tuorpS seikooc esoht fo eno flesym teg og dluoc I enod si siht lla retfa ebyaM (Maybe after all this is done I could go get myself one of those cookies Sprout made.)
Cosmo: Did you say Sprout?
Blot: ???em fo tuo dnatsrednu ot tog yllautca uoy gniht eno eht taht si woH (How is that the one thing you actually got to understand out of me???)
Cosmo: Uhm... What?
Blot: dnimreveN (Nevermind)

Cosmo: Blot did you still want that order of uhm... three cakes?
Blot: .seY (Yes.)
Cosmo: Ok... why?
Blot: .attaY (Yatta.)
Cosmo: Ooooh, I think I get it now, alright!",,,,,"Finn: Hey Blot! Since you’re ink I thought you’d love to hear an octopus pun!
Blot: ... (...)
Finn: Ahem... What’s an octopuses favorite shape?
Blot: .nogatco nA... (...An octagon.)
Finn: An octagon!!!","Blot: .rettulF (Flutter.)
Flutter: ...?
Blot: .uoy etaicerppa I (I appreciate you.)
Flutter: ...!!!

Flutter: ...?
Blot: ... (...)
Flutter: ...!!!
Blot: .oot uoy ,sknahT (Thanks, you too.)",,"Gigi: Hey Blot, tell me your day in excruciating detail!
Blot: ...gniyas m'I tahw aedi on evah uoy taht wonk I ,igiG (Gigi, I know that you have no idea what I'm saying...)
Gigi: Uhuh... uhuh... than what happened.
Blot: .igiG yfoog er'uoy ...thgirla -tfP (Pft- alright... you're goofy Gigi.)
Gigi: Lovely chat Blot, I'm sure you had the most distinguished responses Mwehehe!",,"Blot: ...siht fo derit os ydaerla m'I (I'm already so tired of this...)
Glisten: Blot for a mime you seem to make a lot of noise.
Blot: . . . (. . .)
Glisten: Aw come on don't get silent now! I'm going to feel bad-
Blot: ... (...)
Glisten: Blot noo...

Glisten: Whenever you make that little... oh hm, what was it you called it-?
Blot: .rJ tolB (Blot Jr.)
Glisten: YES! When you make that, do you think you can make one in MY image next time?
Blot: .oN (No.)
Glisten: Oh... I understand... can't recreate perfection I know I've given too difficult a task!
Blot: .pan ,gnol ,gnol a gnikat m'I ,revo lla si siht retfA (After this is all over, I'm taking a long, long, nap.)","Goob: BLOT!! I really like your gloves! Do you think they make gloves that I can wear too??
Blot: ?oN... (...No?)
Goob: Aww... WAIT! Maybe I can make gloves that are super big.
Blot: .taht tuoba eil neve t'nac I .sevolg gib repus fo aedi eht ekil I ,yltsenoH ...huH (Huh... Honestly, I like the idea of super big gloves. I can't even lie about that.)
Goob: I agree with whatever you just said buddy!!",,"Blot: .retal stca fo gnikniht pleh emos deen I yeooL (Looey I need some help thinking of acts later.)
Looey: Oh yeah I had some ideas, some pantomime stuff for you!
Blot: !taerg eb ll'ti ,si ti revetahw erus m'I ,taerG (Great, I'm sure whatever it is, it'll be great!)
Looey: Yeah! I'm excited about sharing all of that later!

Looey: Blot do you know where my juggling pins went?
Blot: !tegrof dna ereht meht evael syawla uoy ,deb ruoy rednU (Under your bed, you always leave them there and forget!)
Looey: Ohhh, Blot you always know where me and Yatta leave stuff!
Blot: !htob uoy no eye doog a peek I (I keep a good eye on you both!)
Looey: Thank you Blot...!","Pebble: ARF! BARK!
Blot: .tsael ta ""tis"" naht rehto ,llew ...skcirt yna od nac uoy fi rednoW (Wonder if you can do any tricks... well, other than ""sit"" at least.)
Pebble: Bworf...?
Blot: .attaY ekil tsuj ,tluasremos a otni pilfkcab a od elbbeP no oG (Go on Pebble do a backflip into a somersault, just like Yatta.)
Pebble: Arf???
Blot: .huh dnatsrednu t'nod uoy esoppus I... (...I suppose you don't understand huh.)","Poppy: Aw I think I might have a little stain on my dress!
Blot: ...eeeem ta revo yaw siht kool ydobon ,em ta kool t'noD- (-Don't look at me, nobody look this way over at meeee...)
Poppy: What was that Blot?
Blot: .gnihtoN (Nothing.)","Blot: .no sreyal eerht tup I raews I ?sevolg eseht hguorht gnipaes kni sI (Is ink seaping through these gloves? I swear I put three layers on.)
Razzle & Dazzle: Hm? (...Blot did I hear that right? Do you wear three pairs of gloves at once...?)
Blot: .gnileef ddo na s'tahT .erom em dnatsrednu ot gnitrats er'uoy ,haoW (Woah, you're starting to understand me more. That's an odd feeling.)
Razzle & Dazzle: You really have to tell me what he's saying. (...Uhm I didn't get that one really.)
Blot: .sevolg fo sriap eerht reaw I (I waer three pairs of gloves.)
Razzle & Dazzle: How about that? (...Oh! He wears three pairs of gloves...)

Razzle & Dazzle: Blot hey friend! (I hope you're not so tired Blot, with all the miming...)
Blot: !si yllausu ortsA sa derit sa toN... !yeH (Hey! ...Not as tired as Astro usually is!)
Razzle & Dazzle: Huh? What? (Hm... oh! Haha... I think I understood some.)
Blot: .ti steg yug sihT !yA (Ay! This guy gets it.)",,"Rodger: Pardon me if this is a bothersome question Blot, but is it true you only have one eye?
Blot: !gniksa si ohw kool lleW (Well look who is asking!)
Rodger: ...Is that a yes or a no?
Blot: .regdoR seY (Yes Rodger.)
Rodger: Ah well, thank you for your answer, I do appreciate it. Couldn't help but be curious!","Rudie: Happy Holidays Blot! Are you excited TODAY is CHRISTMAS!
Blot: ...eiduR samtsirhC ton s'tI (It's not Christmas Rudie...)
Rudie: What's that? You're as excited as me!? WOW! I didn't know you were SO festive!!!
Blot: !dias I tahw t'nsi taht wonk uoY (You know that isn't what I said!)","Blot: ... (...)
Scraps: Blot, I had some very emotional based art and I was thinking, maybe you'd wanna help!
Blot: .eb lliw aedi siht tahw rednow I eeG (Gee I wonder what this idea will be.)
Scraps: So I get this canvas, right? And then you just run into it really fast and-
Blot: .oN (No.)

Scraps: So let's say my pen ran out of ink, and I was looking for more ink...
Blot: .on esaelP (Please no.)
Scraps: -And there was this amazing Toon I knew who may or may not have had a great abundance of ink...
Blot: !siht gniod ton, epon, on, oN (No ,no ,nope ,not doing this!)","Blot: ...ehcadaeh a fo tib a gnitteg m'I kniht I (I think I'm getting a bit of a headache...)
Shelly: Huh? What did you say?
Blot: .ruasoniD (Dinosaur.)
Shelly: OH! OH! I know that one! Yes! I knew you were a dinosaur fan! Hehehe! YES!
Blot: .sruasonid tuoba gniklat tnecrep derdnuh eno saw I ,erus haeY (Yeah sure, I was one hundred percent talking about dinosaurs.)

Shelly: Blot are we really sure you're ink? What if you were oil! Oil made of fossil fuels?
Blot: ?...siht htiw gniog uoy era erehW (Where are you going with this...?)
Shelly: If you were... you would be sort of, maybe, part dinosaur in a way!
Blot: .won siht htiw gniog si ehs erehw ees I hO (Oh I see where she is going with this now.)
Shelly: Blot if I could assign you a dinosaur, I think you'd be a Baryonyx!","Shrimpo: I HATE MIMES!!!
Blot: !yug siht fo daol a teG (Get a load of this guy!)
Shrimpo: WHATEVER YOU SAID, I HATE IT!",,"Sprout: Blot are you meant to be dripping that much ink? You're not hurt are you?
Blot: .enif m'I (I'm fine.)
Sprout: It doesn't hurt to lose ink does it? That would be awful, you'd tell me right???
Blot: !tuorpS enif m'I (I'm fine Sprout!)
Sprout: If you say so, but know I'm here to help!","Squirm: Blot... a-are you scared too...?
Blot: .yllaer toN (Not really.)
Squirm: ...
Blot: ?uoy od ,em dnatsrednu t'nod uoY (You don't understand me, do you?)
Squirm: . . .Snf...sniffle-","Teagan: Blot are you doing well?
Blot: ?uoy dna ,ma I (I am, and you?)
Teagan: I'm doing lovely, though I've so many tea parties to plan. Care to join one?
Blot: -fo derit fo tros neeb ev'I ereht t'nera nniF ro sparcS yllufepoh ,dab dnuos t'nseod yltsenoh tahT (That honestly doesn't sound bad, hopefully Scraps or Finn aren't there I've been sort of tired of-)
Teagan: Oh! I know! - There is one I could invite you to that has Scraps and Finn! You can join that tea party!
Blot: taeeerg hO... (...Oh greeeat)","Blot: !peews attog I !em ta kooL (Look at me! I gotta sweep!)
Tisha: Did you say something?
Blot: .oN (No.)

Tisha: Blot please, please, PLEASE stop making such a mess wherever you go!
Blot: ?kni gnieb pots tsuj nac I kniht ehs seoD (Does she think I can just stop being ink?)
Tisha: What'd you say...? Nevermind that! Just stop making a mess please?
Blot: .elbissopmi yllacisyhP (Physically impossible.)
Tisha: This is like... my worst nightmare, AND I'VE SEEN GIGI'S ROOM!","Toodles: Blot!
Blot: ... (...)
Toodles: Hey! Hey! Blot! Heeey!
Blot: ?...seY (Yes...?)
Toodles: Hehehe! I got you to talk!
Blot: -tfP ...revocer I lliw woh ho ,on ho ,detramstuo ,yob hO (Oh boy, outsmarted, oh no, oh how will I recover... Pft-)","Blot: ?no rotalsnart ruoy evah uoy oD ?eeV (Vee? Do you have your translator on?)
Vee: Yeah I do, what was it you wanted to say Blot?
Blot: -stca sucric ruo fo eno rof moor saw ereht kniht uoy did ,wohs ruoy tuobA (About your show, did you think there was room for one of our circus acts-)
Vee: ...And setting translator program off slooowly.
Blot: hgu... !eeV !nomC !eeV (Vee! Cmon! Vee! ...ugh)

Vee: Blot you're sure you rather keep performing with the circus crew?
Blot: .lliw syawlA (Always will.)
Vee: Well... if you ever change your mind-
Blot: !em deen syawla lliw attaY dna yeooL t'now I (I won't Looey and Yatta will always need me!)
Vee: Fine, fine, do what you'd like of course","Blot: ?stnev eht ni derots uoy ydnac eht denaelc uoy evah attaY (Yatta have you cleaned the candy you stored in the vents?)
Yatta: That's my winter storage for the cold months!
Blot: !YDNAC TNEV EDIH OT DEEN T'NOD UOY ,edisni lla er'ew ,lerriuqs a ton er'uoy attaY (Yatta you're not a squirrel, we're all inside, YOU DON'T NEED TO HIDE VENT CANDY!)
Yatta: YOU'LL NEVER TAKE MY CANDY STASH NEVEEER!!!"
BOBETTE,"Bobette: I'd love a good winter-wonderland dream tonight!
Astro: ...
Bobette: With snow... and whimsy... and cheer!
Astro: ...
Bobette: Astro? Pretty please? With a big cherry on top!
Astro: I'll try...?","Bobette: How's the spring weather...?
Bassie: Lovely really... beautiful flowers, chirping birds!
Bobette: Wow that sounds nice!
Bassie: How's winter weather-?
Bobette: Cozy when you're sat comfy with a blanket and hot chocolate!
Bassie: Ah, that does sound wonderful and cozy!!

Bassie: So you're the Christmas Holiday Main?
Bobette: Hmm, last I checked, yup!
Bassie: Last you checked? Like, we could be replaced!?
Bobette: What? No, no! I meant it as a silly little comment!
Bassie: ...Oh- HAHAHAHA! You're so FUNNY!
Bobette: Uhm thanks...?",,"Bobette: Honestly I'm just happy to be here!

Bobette: I feel so festive!

Bobette: This sweater is a little itchy...",,,,"Bobette: Coal! Who's a good girl? You are! You are!
Coal: ... Bwoof.
Bobette: Aww my cute pet rock!
Coal: Bworf.
Bobette: You could never do any wrong, ever.

Coal: Bworf!
Bobette: Awww what is it girl? Love seeing me?
Coal: Bwoof, bwork.
Bobette: You're the best pet I could ever ask for...
Coal: ... Bwoof.",,"Bobette: Heya Connie! Are you feeling the spirit of Christmas joy in the air!
Connie: EH... not exactly? I'll be real with you Bobette- You're very Christmas-y?
Bobette: Yeah...? That is sort of my thing!
Connie: Yeah, yeah- but I feel like Christmas happens way too soon after Halloween.
Bobette: What! Oh come on, I'm sure you're just overreacting a little!
Connie: Naaah girl... I swear, the Christmas decorations start way too early! Halloween should last so much longer!",,,,,,"Bobette: Sooo... Finn, I got your note about what you were wanting as a gift.
Finn: REEL-y??? Good! I'm sure you found it FIN-tastic!
Bobette: Finn, buddy, friend, uhm... I counted around- seventeen whole fish puns written.
Finn: Yup! and-?
Bobette: Oh uhm... uh- I didn't understand it that well...
Finn: Haha-! Don't worry, I just wanted another tackle box!","Bobette: Flutter! I heard from one of your friends that you wanted some new colorful pens!
Flutter: ...!!!
Bobette: That makes sense, I'm sure your diary has pretty pages still wanting to be filled!
Flutter: ...!
Bobette: Wait... Gigi does the writing? ...I'll make sure there are extra pens.",,,"Bobette: Ginger! It's so lovely to have you around!
Ginger: Oh..! Yeah, thank you... Nice to see you as well.
Bobette: Thinking of making some of your sweet treats later?
Ginger: You'd be interested in some...?
Bobette: Of course! That's why I'm asking silly!

Ginger: Bobette, is there something on my face...?
Bobette: Your makeup?
Ginger: Huh... well no, I mean... I suppose that counts.
Bobette: I think you did a great job with it!
Ginger: Ah... thank you.",,,"Gourdy: Christmas Lady!!! I hear, instead of candy... you give TOYS.
Bobette: Yup! Though... you could still have Candy as a gift.
Gourdy: WOAH- So it is true... going door to door trick or treating for toys!!!
Bobette: Oh uhm... you don't go door to door getting a toy.
Gourdy: You... don't? Where does the cool toy come from then???
Bobette: From under a tree of course! Left by friends and faaaammm- uh...Oh wow, look a floor!

Bobette: ...
Gourdy: ...Huh? Why are you staring at me!
Bobette: Huh! Oh... I was? Sorry, I suppose I just didn't think I'd see a halloween uhm-
Gourdy: A Halloween Toon? YEAH WELL- YOU ARE! And I'm like the most awesome-ist Halloween Toon!
Bobette: Well, if you say so! Then that must be true.",,"Bobette: Aw so cute...!
Pebble: Bark! Arf!
Bobette: You remind me of Coal when I first got her, so tiny!
Pebble: Bark.
Bobette: --I mean! So very big and strong!",,,,,"Rudie: I looove Christmas!
Bobette: Haha yeah me too...!
Rudie: . . .
Bobette: ...
Rudie: We sure do love Christmas.
Bobette: ...Happens once a year.

Bobette: I love giving gifts to my friends!
Rudie: Good thing it's Christmas!
Bobette: ...Rudie.
Rudie: What?
Bobette: It's not Christmas buddy.
Rudie: I know it's Christmas, in my heart!!!",,"Bobette: After this I have to really focus on finishing my craft projects...
Shelly: Well I wish you luck! I myself like to sew a little.
Bobette: You sew...? I thought your thing was dinosaurs?
Shelly: I can have my little side hobbies, haha... Don't you?
Bobette: Uhm... haha... probably, I mean yeah sure, I do.","Bobette: You might be on the naughty list to be honest...
Shrimpo: I HATE THE NAUGHTY LIST!
Bobette: Uhuh...?
Shrimpo: AND I HATE YOU!!!
Bobette: Oh...uhm ok... sorry?",,"Bobette: Sooo, ever make a gingerbread house?
Sprout: Uhm, Nah, I mean I've tried but it fell apart.
Bobette: Maybe you should invite Ginger to help next time!
Sprout: Oh yeah Cosmo's cousin? She's great at decorating stuff.
Bobette: Mhm!",,,"Bobette: Tisha, are you hoping for the same gift as last year? and uhm... the year before that? Haha-
Tisha: Mhm! Cleaning supplies.
Bobette: Yeaaah, that's what I thought.
Tisha: Maybe we could get a little crazy this year and toss in a new mop!
Bobette: I'll see what I can do...","Bobette: Toodles, I noticed you have a veeeery long list of toys you'd want for Christmas.
Toodles: Yeah! I couldn't really decide, there is just so many cool things I could think of!
Bobette: ...Now don't get me wrong, I'm thrilled that you're so excited! -But I think you may want too many toys.
Toodles: Bobette Carolynne, there is NEVER too many toys.
Bobette: Hahah... Did Rodger tell you my full name-???
Toodles: Uhmmmm….noooo….maybe.","Bobette: Mmm, I could go for some cookies and hot cocoa...
Vee: You could talk with Teagan about that.
Bobette: Oh yeah! Would you want to join if I asked her?
Vee: . . .
Bobette: Oh! Right... You don't really drink or eat...",
BOXTEN,"Astro: Boxten, how have those dreams been treating you...?
Boxten: You mean the nightmares?
Astro: No... I believe I remember giving you only good dreams.
Boxten: I-I don't know Astro, maybe what you think of as a 'good dream' isn't one to me.
Astro: ...I'll keep that in mind, thank you.

Boxten: Hey Astro... been sleeping well yourself?
Astro: I sleep most days Boxten, sleeping is not difficult for me...
Boxten: Well yeah I knew that! I mean have you had good dreams?
Astro: ...Not exactly, I'm too busy giving others better rest.",,"Boxten: Blot when you mime things do you actually picture them in your mind?
Blot: .haey ereht yllaer ton stahw ees yllacitcarp nac I ekil s'ti netfo os emim I (I mime so often it's like I can practically see whats not really there yeah.)
Boxten: Uhm... A little shorter?
Blot: .fo dniK... (...Kind of.)
Boxten: Oooh, ok! That's pretty neat over all if so!

Blot: ?netxoB (Boxten?)
Boxten: Huh? Uhm... me?
Blot: ?thgirla uoy erA (Are you alright?)
Boxten: ...Oh! You're checking on me? I'll be fine- I hope.
Blot: .esnopser gninrecnoc ylthgilS (Slightly concerning response.)",,"Boxten: I think I heard something...

Boxten: I'm scared to think of what's in the next Floor...

Boxten: I think I forgot something last Floor...","Boxten: Brightney, you seem pretty focused, something on your mind?
Brightney: There's always something on my mind Boxten!
Boxten: Oh?
Brightney: Yup! Always have to be three steps ahead of those Twisteds!","Boxten: You know Brusha, your art is very nice!
Brusha: Why thank you, I am the best artist, despite what others may say.
Boxten: ...What do you mean by that?
Brusha: Nevermind, you wouldn't understand the challenges an artist like me faces.",,"Boxten: Cocoa, I had just a small question- if that's alright?
Cocoa: Of course it's alright! I'm always open to a question from a friend!
Boxten: Well... What is your favorite music genre?
Cocoa: Hmm- how about any genre that reminds me of Easter!
Boxten: Not sure what genre that would be in specifically- but that's nice...","Boxten: Connie, do you think you could stop scaring me around corners?
Connie: I'll think about it.
Boxten: ...
Connie: ...
Boxten: And-?
Connie: I've decided I'll keep doing it! You're too easy of a scare!","Cosmo: Boxten, your key on the back of your head spins whenever you do a machine.
Boxten: Huh really? It tends to spin when I focus on something..
Cosmo: Is that why it spins when I teach you recipes?
Boxten: Well I get nervous with the oven! Rather be focused…
Cosmo: I think you do great, try not to stress about it..!

Boxten: Pft- I just remembered the time I mistook salt for sugar.
Cosmo: Haha yeah, I have to check every time I'm in the kitchen with you now!
Boxten: Well we're thankful to have someone as caring as you...!
Cosmo: Aw, thanks Boxten! That's kind of you to say!",,,,"Boxten: Hey there, Eggson!
Eggson: Hello there, young man! Have you been taking care of yourself?
Boxten: I have...but I still end up getting stressed sometimes.
Eggson: Worry not! This wise egg has a relaxing story or two to help you calm down.
Boxten: I'd appreciate that a lot, thank you..!","Boxten: I've been wondering, what's your favorite fish?
Finn: A favorite? I could never pick a favorite!
Boxten: Oh, well, I like the Tuna..!
Finn: Well, you're a TUNA-fun!
Boxten: I... I don't get it.","Boxten: Hey Flutter, how are you holding up?
Flutter: ...!
Boxten: Oh...
Flutter: !!!
Boxten: Ah, yikes, sorry to have asked...

Flutter: !!!
Boxten: It's okay Flutter, I could understand why you're upset.
Flutter: ...
Boxten: Well, I-I mean I can understand a little!
Flutter: . . .
Boxten: Or...not a lot???",,"Boxten: Huh... My pockets feel lighter for some reason?
Gigi: ...
Boxten: Gigi-?
Gigi: Don't look at me! I'm an innocent bystander!
Boxten: I-I'm not trying to accuse you of anything
Gigi: Yeaaah, that's right! ...I'm like, so innocent.","Ginger: Your turning key on the back of your head... it's sort of--
Boxten: Moving?
Ginger: Yeah...
Boxten: It moves on its own really...! Spins when I'm really thinking on things.
Ginger: That's kind of neat in a way...!
Boxten: Heh, yeah guess it is!","Glisten: Hm… Boxy, is my makeup smudged?!
Boxten: Huh? O-oh uh… no?
Glisten: That's right, it's always perfect.
Boxten: Then why'd you ask me to check?
Glisten: Oh, I just wanted you to look!

Boxten: Glisten, busy later..? I was hoping we could spend some time.
Glisten: Depends, what time would ""later"" be?
Boxten: I-I don't know, just tonight?
Glisten: Sure, but I pick what's playing on television!
Boxten: Sounds good then!","Goob: Boxten... Have you ever noticed that both our heads are squares?
Boxten: Huh? W-what..?
Goob: Yeah! Mine doesn't have music in it like yours though.
Boxten: Right, well unless you imagine the music!
Goob: Oh yeah! I'm going to think about music right now!

Boxten: Goob! How do you keep such a happy smile most of the time?
Goob: I think of the positives in every situation and challenge we face!
Boxten: Ah, I wish that was easier for someone like me...
Goob: Not everyone can be like me! Or like you! So just be you!
Boxten: ...Thanks-?",,"Looey: I like your square head!
Boxten: What?
Looey: I like that your head is a square!
Boxten: I mean, thanks?
Looey: No problem!

Boxten: Hey uh Looey? What's it like having a tail?
Looey: Maybe you should ask Yatta! She has four!
Boxten: Yeah but... I'm asking you?
Looey: ...
Boxten: . . .
Looey: I've had my tail stuck in a doorway for hours once.","Pebble: Arf Arf!!
Boxten: Uhm... that's a good rock?
Pebble: Bwoof!!

Boxten: I wonder what it'd be like to have my own pet...
Pebble: Grrr...
Boxten: On second thought, maybe it's too much responsibility.","Poppy: Hi Boxten!
Boxten: H-hi Poppy...
Poppy: I SAID HI BOXTEN!!!
Boxten: Poppy are you okay...
Poppy: Haha, I'm okay enough!

Boxten: I feel like we could have done better last floor...
Poppy: Oooh don't worry too much about it Boxten! You worry WAAAAAAY too much!
Boxten: What? You think I worry too much?
Poppy: See that's what I mean! You're worrying again!
Boxten: Wow...","Boxten: The two of you have been helping finish the machines on each floor, right?
Razzle & Dazzle: Uh- Hehe, sorta! (I do the extracting much faster than him.)
Boxten: Well as long as you're both trying your best.
Razzle & Dazzle: Of course! Always trying my best! (I wish my best was enough...)
Boxten: Erm... You're doing great Dazzle.",,"Boxten: Rodger, any luck or progress on your investigation?
Rodger: I believe I'm making steady progress each day! Though I conduct multiple investigations!
Boxten: Oh right... sorry.
Rodger: No need to apologize Boxten! Just informing you!

Rodger: Boxten, keeping your mind steady and clear?
Boxten: Uhm.. N-not really?
Rodger: Well, try counting if you find yourself worried or stressed!","Rudie: BOXTEN! Did you know... The happiest holiday on earth, TODAY!
Boxten: Rudie... I know other Toons try to play along but... it isn't-
Rudie: Don't say it.
Boxten: ...
Rudie: MERRY CHRISTMAS TO YOUUuuUUuu!!!!
Boxten: ...M-merry Christmas.","Boxten: Scraps... have you been taking the pencils from my room in the night?
Scraps: What?! No, that could've been anyone on our floor!
Boxten: ...
Scraps: Shrimpo?
Boxten: Shrimpo.","Boxten: Hey ...you? How are you doing?
Shelly: Me-? I'm alright...what about you?
Boxten: Could be better...
Shelly: Yeah I get that-","Boxten: Please don't look my way, please don't look my way...
Shrimpo: BOXTEN!!!!
Boxten: Ugh...
Shrimpo: BOXTEN YOUR MUSIC IS AWFUL!!!! GIVE UP YOUR CAREER!!!!
Boxten: I am not even a music artist Shrimpo... I'm just a music box.",,"Boxten: Sprout, this might not be the best time to tell you this...
Sprout: -Huh? What? Are you okay?
Boxten: I-I'm okay! But uh, I did sort of lose that apron you got me.
Sprout: Ah just that! -Don't worry about it, I'll find you a new one later!
Boxten: Thanks, I appreciate it!","Squirm: Snf... sniffle-
Boxten: Hey Squirm... You alright...?
Squirm: Noooo.... everything is AWFUL!!!
Boxten: But wait- there's that one thing... or uhm no wait- there's uhm... Huh.
Squirm: SEE, EVERYTHING IS AWFUL!!! WAAAH!!!
Boxten: ...O-oh my, I'll uh...uhm- forget I said anything!","Teagan: Stressed Boxten...?
Boxten: Oh! Only a little...
Teagan: Maybe a herbal tea would soothe you after we finish here.
Boxten: That would be nice... Thank you Teagan.","Boxten: Tisha! Good to know you're here...!
Tisha: Of course! I'll be sure to keep this elevator real clean!
Boxten: Huh... how clean?
Tisha: Shining, sparkling, so clean you'll need a wet floor sign!
Boxten: Oh.","Boxten: Hey Toodles I noticed that art you drew for Poppy...!
Toodles: Uhuh! Wait- where'd you see it?
Boxten: Poppy hung it up in her room to see better.
Toodles: WOAH!! That must mean she REALLY liked it!
Boxten: Mhm...!","Boxten: I can't believe I'm in the same elevator as THE Vee...
Vee: You're a fan of the gameshow Boxten?
Boxten: Who isn't? You've got such fun questions, I love trivia!
Vee: Haha, who doesn't!?
Boxten: Was that one of your trivia questions??
Vee: No.",
BRIGHTNEY,"Astro: Brightney, your glow is as bright as ever.
Brightney: And yours is just a feeew lumens less than mine!
Astro: Lumens, the measurement of light!
Brightney: Haha, I may have been reading up on those books you suggested.
Astro: That's nice to hear... Maybe I can suggest more soon.

Brightney: Hey Astro, ever try getting a good look at the stars?
Astro: I have some that glow in one of my personally themed exhibits...
Brightney: No, no, not the plastic ones silly! The real deal!
Astro: ...Not often, not as much as I used to.
Brightney: Ah, I see... well maybe you and I can look later!
Astro: ...Maybe, the tree blocks most of the view now.","Bassie: Brightney do you have any spare lightbulbs?
Brightney: Not on me right now... but in my room I do!
Bassie: Think I could have some...? Not a fan of the dark.
Brightney: You know I might have something even better!
Bassie: O-oh...?
Brightney: I'll bring you a little night-light! It'll help I promise!","Brightney: Ive been reading this book recently, it's all about the performing arts!
Blot: !gninetsil m'I (I'm listening!)
Brightney: Hm? Are you interested Blot? I could get you a copy!
Blot: .daer esle enoemos ot netsil tsuj rehtar d'I (I'd rather just listen to someone else read.)
Brightney: I don't think I fully understand... BUT! You're welcome to book club later for a visit!

Blot: .hgu thgil thgirb a hcus ...eye yM (My eye... such a bright light ugh.)
Brightney: It's lovely to have you here Blot!
Blot: .ynapmoc doog dna dnik er'uoy tsael ta lleW (Well at least you're kind and good company.)
Brightney: Huh, wish I could understand you better! I don't know how Yatta and Looey are able too.",,"Boxten: Brightney, you seem pretty focused, something on your mind?
Brightney: There's always something on my mind Boxten!
Boxten: Oh?
Brightney: Yup! Always have to be three steps ahead of those Twisteds!","Brightney: I can't wait to get to reading after this!

Brightney: I'm gonna be late for Book Club!

Brightney: Is my lightbulb flickering?",,,"Cocoa: Brightney! I noticed the libraries had some books out of order, so I helped categorize!
Brightney: Wow, Cocoa, that's very helpful! But... how did you organize them?
Cocoa: Hm?
Brightney: I mean, you did organize them and categorize them in some sort of order... right?
Cocoa: ...Huh? Oh! Right! I categorized based on Dazzle's notes! I don't fully remember.
Brightney: Phew... Right, thank you Cocoa!","Brightney: You've been doing a great job helping, Connie!
Connie: I mean, I am pretty good at this.
Brightney: Keep up the good energy!
Connie: Will do, yup, you got it!

Connie: ...Heeey
Brightney: Hey Connie!
Connie: ...
Brightney: ...Yeah?
Connie: Hey.
Brightney: Haha, Hi Connie.","Brightney: Cosmo! How is that cookbook I gave you?
Cosmo: It's great, Brightney! Sprout and I are learning a lot of recipes from the book!
Brightney: I'm glad to hear that! I didn't know Sprout enjoyed the cookbook as well.
Cosmo: Yeah, we sit together and read it when we get the chance to!",,,"Eclipse: Woah... your light is so bright! YOU'RE SO BRIGHT!!!
Brightney: Ah, uhm... thank you!
Eclipse: I LOVE bright lights! How do I glow as bright as you in the night?
Brightney: Hmm, I could show you what type of lightbulbs I use!
Eclipse: Yes please!! YES!!","Eggson: Brightney, do you think you could make me one of those lists you make?
Brightney: A to-do list? Of course! Can I ask what you plan to-do then! Haha.
Eggson: Yes, yes... First there is painting the eggs, second is to find more eggs, third is for eggs to-
Brightney: Eggson... are all of these notes planned to be egg-related?
Eggson: Yes.
Brightney: Why don't we write these down a bit later then... haha-","Finn: Brightney, you remind me of a goldfish!
Brightney: Wha-? Excuse me?? Are you calling me forgetful?
Finn: No, no, quite the opposite! Despite the stereotype, goldfish actually have amazing memory!
Brightney: Oh... I didn't know that. Thank you for the compliment, Finn!","Brightney: Heya Flutter! You know what a Lepidoptera is?
Flutter: ...???
Brightney: It's the scientific name of a butterfly!
Flutter: ...!
Brightney: Hehe yeah, I know it's pretty cool!

Flutter: ...
Brightney: Oh? You're interested in my light?
Flutter: ...!
Brightney: Ah I use an incandescent lightbulb! Thanks for asking.",,"Gigi: Brightney I think one of my friends sorta wants to hang out with you...
Brightney: Uhuh...? And why can't whoever tell me personally?
Gigi: ...She is like so nervous, she thinks you're too cool!
Brightney: She? Who is she?
Gigi: ...I've for sure said too much.","Ginger: Brightney, I appreciate the help you offer when Christmas comes around, you know- with the lighting.
Brightney: Haha, no need to thank me! Really, I barely do anything when it comes to all those festive lights!
Ginger: But you do...! Bobette tells me so, and I just wanted to let you know... it's appreciated.
Brightney: Aw well, thanks... even if I still think It's not much on my end.","Glisten: Brightney, what's this about having a book club I've heard...?
Brightney: Me, Astro and Dazzle all read books!
Glisten: -And you didn't invite me?!
Brightney: We did. Several times. You never show up Glisten.
Glisten: ...Oh yeah! Hahaha, I just like to feel included!","Brightney: Hi Goob, how's Scraps doing?
Goob: Heya! Oooh you know! She's doing good!
Brightney: And what about you? How are things?
Goob: Oooh you knoooow! Hehe!
Brightney: Oh come on! I don't know everything!",,"Looey: Hey Brightney, got any BRIGHT ideas?
Brightney: Looey, this is the fifth time you've made this joke this week.
Looey: Wait, is it?
Brightney: Oh most definitely, I recall it very clearly.
Looey: Yeesh, I've got to write some more material to work with...","Brightney: You know I'm not even sure what kind of rock you are
Pebble: Bark bark!
Brightney: Igneous, Sedimentary, maybe Metamorphic?
Pebble: Arf!
Brightney: You sure are one cute little mystery.","Brightney: Hi Poppy! How are things going?
Poppy: Things are going!
Brightney: Just going?
Poppy: Just going!
Brightney: Oooh Poppy.

Poppy: Heya Brightney!! Loving your lampshade!!
Brightney: Thanks! It's the same one I have every day actually...
Poppy: Nooo really? I swear your lampshade was pink last time I saw you!
Brightney: Nope! Always been red haha!","Brightney: Hey last book club was the fastest you've ever fallen asleep.
Razzle & Dazzle: Going for a new record! (Razzle...Don't be proud of that.)
Brightney: Hm I don’t know Dazzle, they may have taken the record from Astro!
Razzle & Dazzle: Fastest sleeper award! (...I'm sure Astro still holds that title.)
Brightney: I’ll have to bring a timer to the next book club session I suppose.

Razzle & Dazzle: Dazzle are you a little nervous? (…Why do you ask?)
Brightney: Razzle usually can just tell when it comes to you- and so can I!
Razzle & Dazzle: Yeah, you’ve got a little shake to your wrist. (…Sorry.)
Brightney: Nothing to be sorry on, completely normal to get a bit nervous here!
Razzle & Dazzle: We’ll get through this! (...Mhm, I appreciate you both, truly.)",,"Brightney: Rodger! Got any new cases you're working on?
Rodger: Ah, Brightney! Why of course, a great detective is always working!
Brightney: Of course, if you ever need some help, you know where to find me.
Rodger: Brightney, as kind as you are smart! I'll keep that in mind.
Brightney: Aw, thank you!!

Rodger: Brightney! Keeping clever I assume?
Brightney: Yup! I'm making sure to re-read the whole collection of books I got!
Rodger: Your mind must be sharp as it is bright!","Rudie: Wow you glow! I glow!
Brightney: Well yeah! But technically it's my lightbulb that glows!
Rudie: Oooh! Could you switch the color?
Brightney: Yeah! If I really wanted, I'm sure I could.
Rudie: So cool!!","Brightney: Scraps, lovely to see you! Have you solved that puzzle I let you borrow?
Scraps: Oh the puzzle? Erm. Well about that...
Brightney: Did you lose a piece again?
Scraps: Maaaaybe...
Brightney: I'll help you find it later, don't worry about it.

Scraps: Heeey! Brightney! Whatcha' thinking about?
Brightney: You want the honest truth?
Scraps: Uh huh! Of course.
Brightney: I'm thinking about Trigonometry...
Scraps: Oh.","Shelly: Brightney! You remind me of a Troodon!
Brightney: A Troodon...? Shelly, I'm not a dinosaur...
Shelly: I-I mean I'm not trying to call you old or anything! Sorry! Troodons were smart!
Brightney: Oh! You're calling me smart! Haha... I was about to say.
Shelly: Yeah! Troodons were smart theropods! Appearing later in the Cretaceous period.","Shrimpo: YOUR LIGHT IS ANNOYING!
Brightney: Ugh, not this again...
Shrimpo: TURN IT OFF!!!
Brightney: No!
Shrimpo: YOUR FAULT IF WE LOSE THEN!",,"Sprout: Brightney please, please, PLEASE stay out of trouble...
Brightney: Why do you say that...?
Sprout: Well your light- It can get you easily seen.
Brightney: Oh! Yes! I'll be careful, or I'll try to be at least, thank you Sprout.","Squirm: Brightney I-I was wondering uhm... do you think I-I could rejoin the book club...?
Brightney: I'm not sure I can allow for that! You know why you were removed from the club...
Squirm: I-I know... snf- sniffle-
Brightney: Aw... don't cry Squirm, the choice is for your own good, we all really care about you.
Squirm: I-I know....

Brightney: Hey Squirm, you're doing very well
Squirm: I-I am...? I thought I was being- s-so- SO AWFUL!!
Brightney: Aww... No, no, don't think that way! Remember when we're stressed, we...
Squirm: We take a big breath...?
Brightney: And...?
Squirm: We take a big breath, and don't eat the nearest book.","Teagan: Brightney, how is your book club going?
Brightney: It's going well! Would you like to join us sometime?
Teagan: Sorry Brightney, I'm much too busy with my tea parties. Perhaps another time?
Brightney: Of course! If you ever have some free time, I've got the perfect book for you!","Tisha: You know, Brightney, we should start like a cleaning club!
Brightney: That's very sweet but I'm already president of a book club!
Tisha: Aww man! I just think we'd make a good team!
Brightney: Hahah, maybe I'll make an exception!","Toodles: Brightney, if things get dark you'll be here right?
Brightney: Yeah! Of course.
Toodles: Good, not because I'm scared of the dark or anything- Because I'm not!!
Brightney: Uh huh... I get what you mean.","Brightney: Sooo, got any plans after this?
Vee: Hmm, not exactly but I could put something together if you're interested!
Brightney: Would you really? For me?!
Vee: Of course! You are my best contestant after all!

Vee: Brightney! Lovely to know I have someone truly talented with me!
Brightney: Wait, like I'm truly talented as opposed to ""un-truly"" talented?
Vee: Yeah. . .?
Brightney: Yeah.
Vee: Yeah alright, good talk.","Brightney: Huh, you're near constantly moving... have you noticed that?
Yatta: I can't NOT move! It's like, I can't sit still!
Brightney: Well, do you want to sit still?
Yatta: NOT REALLY!!
Brightney: Well... You just keep being you, and we'll be supportive."
BRUSHA,"Brusha: Astro, you're always wearing that blanket.
Astro: ... And?
Brusha: Wouldn't you want to change your style?
Astro: No, I like my blanket....I feel comfortable in it.
Brusha: Fine, I'm sure you'd look better in something else though.
Astro: ...Noted.","Brusha: Bassie, your flowers.
Bassie: ...W-what? What about my flowers??
Brusha: Are they always like that?
Bassie: Like what-???
Brusha: Tsk. Nevermind.","Brusha: Blot, is she still asking for help with her ""art""?
Blot: .heaY (Yaeh.)
Brusha: Instead of helping her, you could always be my assistant for the day.
Blot: .ti tuoba kniht ll'I (I'll think about it.)",,"Boxten: You know Brusha, your art is very nice!
Brusha: Why thank you, I am the best artist, despite what others may say.
Boxten: ...What do you mean by that?
Brusha: Nevermind, you wouldn't understand the challenges an artist like me faces.",,"Brusha: Are my bristles knotted?

Brusha: I'd like for this to end sooner than later.

Brusha: Tch... This elevator doesn't spark much inspiration.","Coal: Bworf!
Brusha: Oh... You're erm... bigger than Pebble.
Coal: Grrr...
Brusha: Don't get any closer. I know not to mess with a growling animal.",,"Connie: So, what's the meaning behind your art?
Brusha: The meaning is so in depth that you wouldn't understand it.
Connie: This is why no one invites you to parties.","Cosmo: Brusha, have you ever used a piping bag?
Brusha: No, why would I ever use such a thing?
Cosmo: There is an art to decorating desserts! My cousin loves to decorate desserts.
Brusha: Would you consider your cousin an artist?
Cosmo: Of course I do!",,,,,"Brusha: You know Finn, some say jokes are a form of art.
Finn: You REEL-Y think so?
Brusha: No, not at all, I don't think so.
Finn: ...Then why did you say it in the first place?
Brusha: Because if I don’t like your jokes, at least someone less impressive does.
Finn: I can't tell if you're complimenting me or not...","Flutter: ...?
Brusha: I didn't know you were into abstract art!
Flutter: ...!!!
Brusha: Really?! ...Your pallette is so refined!","Flyte: Brusha, still painting...?
Brusha: Of course I'm ""still painting"". What sort of question is that meant to be!
Flyte: ...I'm just making conversation, is all.
Brusha: ...ah.
Flyte: If it's no trouble... Would you paint something for me?
Brusha: Hmm... I'll find the time for a request.","Gigi: Brusha, I have a whole gallery worth of your artwork.
Brusha: ...How? I've never given you any art pieces.
Gigi: Mweheheh...
Brusha: Oh....Right.",,"Brusha: I need a better inspiration for my next piece.
Glisten: ...
Brusha: Maybe someone, a muse for my next piece.
Glisten: ...AHEM!
Brusha: Not you.

Glisten: You know, your art isn't bad.
Brusha: I know its not, my art is near perfect.
Glisten: Unlike me, I AM perfect!",,,,,,,,,,"Brusha: Are you still doing that childish ""art""?
Scraps: My art is realer than yours!
Brusha: I doubt that given your last art piece I saw used glitter glue!
Scraps: The glitter was very tasteful!!!
Brusha: Ew, you taste the glitter?
Scraps: Tasteful, as in the art was really, really, really good! Sheesh.",,"Shrimpo: I HATE ART!!
Brusha: Your hatred is so vivid, that I cannot even take offense.
Shrimpo: I HATE THAT YOU'RE NOT TAKING OFFENSE!!!
Brusha: If my art invokes such emotion, it is worthy art.
Shrimpo: YOU'LL NEVER BE WORTHY!!!!",,"Sprout: Brusha, even though I'm sure I know your answer, how are you doing?
Brusha: Tch! What does it matter to you...? Pretending you care?
Sprout: Come on Brusha, I do care.
Brusha: You only care because the show said you had to.
Sprout: . . .
Brusha: ...I- ...I stand on what I said.","Brusha: I could easily capture your terribly sad aura through my art medium.
Squirm: ...O-oh, I'm sorry...
Brusha: Don't be, an artist such as myself can find great inspiration in your very frequent tears.
Squirm: ...W-what?
Brusha: Tch- Of course you struggle to understand... I want to paint you a portrait.
Squirm: OH! That's nice...I think? ...I hope-","Brusha: Teagan, are you looking for another art piece anytime soon?
Teagan: Of course, I love your art!
Brusha: Thank you, its lovely to know SOMEONE has good taste.
Teagan: Brusha, what did I say about small comments like that?
Brusha: ...Right, ""Don't talk lowly of others""... even if they are deserving.
Teagan: Maybe I should schedule us a few more one on one discussions over tea...","Brusha: Tisha! I've been working on TONS of new pieces lately...! You should uhm-
Tisha: ...
Brusha: ...RIGHT! You're still doing the whole… ignoring me thing.
Tisha: ...Hm
Brusha: Well- HAHAhaa... You're always welcome to come visit! But you probably knew that.
Tisha: ...

Tisha: That last floor wasn't so bad!
Brusha: Of course it wasn't! Not when we work so well with one another! Right?
Tisha: ...
Brusha: OH COME ON, can't you even AKNOWLEDGE ME! -I was saying a NICE thing!
Tisha: Don't raise your voice Brusha-
Brusha: UUugh!! . . . Yes Tisha.

Brusha: ...Stop looking at me that way.
Tisha: ...Sorry.
Brusha: ...
Tisha: ...
Brusha: ...I can't stand being in this elevator.
Tisha: ...Sorry Brusha.

Tisha: Brusha, do you want something to tie your bristles back?
Brusha: You know I don't want any help from you.
Tisha: Right, I just have a habit of asking-
Brusha: -The show was years ago, get over it.
Tisha: You know, I think you're capable.
Brusha: It doesn't feel like it.",,"Brusha: Your gameshow is ok.
Vee: Your art is ok.
Brusha: Just ok?
Vee: I've seen better.
Brusha: Same can be said for your gameshow.",
COAL,"Coal: Bork, bwoof.
Astro: ...
Coal: ...
Astro: S-stop staring at me like that please...
Coal: Bwoof.",,,"Coal: Bworf!
Bobette: Awww what is it girl? Love seeing me?
Coal: Bwoof, bwork.
Bobette: You're the best pet I could ever ask for...
Coal: ... Bwoof.

Bobette: Coal! Who's a good girl? You are! You are!
Coal: ... Bwoof.
Bobette: Aww my cute pet rock!
Coal: Bworf.
Bobette: You could never do any wrong, ever.",,,"Coal: Bworf!
Brusha: Oh... You're erm... bigger than Pebble.
Coal: Grrr...
Brusha: Don't get any closer. I know not to mess with a growling animal.","Coal: Bark... Bworf.

Coal: Bork, bwuff.

Coal: Bworf... bork.

Coal: . . .Grr.","Cocoa: Long time no see, Coal! Have your expeditions with Bobette been fun?
Coal: ...Bworf.
Cocoa: I guess you do look a little tired. And a little hungry, too...
Coal: Bwoof...
Cocoa: You know what, I'll give you all the treats I can find after this! Will that make you happy?
Coal: Bwoof!","Coal: Bwoof, bork.
Connie: Yeesh... you are one big rock.
Coal: Bworf.
Connie: Yikes, what is Bobette feeding you???",,,,,,,,,,"Ginger: Coal... have you been helping well with the presents?
Coal: Bworf.
Ginger: Mhm...
Coal: Bork.
Ginger: Such a strong rock, so helpful!

Coal: Bworf!
Ginger: Oh! Uhm... Nice seeing you as well Coal.
Coal: Bwoof.
Ginger: Easy girl... I'll give you a treat later...",,,,,"Coal: Bworf.
Pebble: Arf!
Coal: Bwoof.
Pebble: Woof!
Coal: Bworf, bork... bwoof bwoof.
Pebble: ...Arf!","Coal: Bwoof!
Poppy: Oooh so cute! What a good girl!
Coal: Bworf bork.
Poppy: Sometimes I wish if I should get a pet rock!
Coal: ...","Coal: Grrrr...
Razzle & Dazzle: Awww! Big friend!!! (...She's growling, Razzle- she's growling- RAZZLE!)
Coal: BARK BARK!!
Razzle & Dazzle: Woah woah, haha...It's ok Dazzle. I'm here! (...Sorry, I-I'm not great with animals.)
Coal: ...
Razzle & Dazzle: See! She's calm now, and no need to be sorry! (...O-ok)",,"Coal: Bworf.
Rodger: Coal, Bobette says you have a great sense of smell! I wonder how well you can track things...
Coal: Bworf. Bworf.
Rodger: Hm... Makes me wonder if you'd be any help in solving a case!","Coal: BWORF!!
Rudie: Woah! Coal, calm down, I'm as excited as you for Christmas!
Coal: ...
Rudie: What's that look for? Don't tell me you don't care about Christmas.
Coal: ...
Rudie: Coal, please.

Rudie: Merry Christmas Coal!
Coal: ...
Rudie: ...I said, MERRY CHRISTMAS COAL!!!
Coal: Grrr...
Rudie: Oh uh... nevermind! Haha! Nevermind!",,,"Coal: ...
Shrimpo: I HATE YOUR EYEBROWS!
Coal: Grrr...
Shrimpo: I CAN GROWL TOO, GRRRRR!!!
Coal: Bwoof...?
Shrimpo: RAAAAAAAH!!!!",,,,"Coal: Bork... bwoof, bwoof.
Teagan: Well, at least you're more behaved than Pebble.
Coal: …Bork.",,"Toodles: G'awwwww, what a big doggie!
Coal: Bwoof.
Toodles: Aww, you want a treat after this?
Coal: Bork bork.
Toodles: Ginger was right, you really are a big cute rock!",,"Coal: Bworf, Bworf.
Yatta: OOOoooo!!! LOOK AT YOU!! What a big cutie-pie!!!
Coal: Bworf?
Yatta: I'd LOVE a pet like you! Looey says I really SHOULDN'T have a pet though!"
COCOA,,"Cocoa: Ah! I love the spring season, I can't stop thinking about Easter!
Bassie: Of course you can't stop thinking about it.
Cocoa: Huh? Aren't you the same way though!
Bassie: No, I'm not like you.
Cocoa: Aw that's okay! We're all our own Toon at the end of the day!
Bassie: ...HahaHA- Ok.

Bassie: Cocoa.
Cocoa: Oh! Bassie! How are you my friend!!
Bassie: Fine.
Cocoa: That's great to hear! Were you needing any help?
Bassie: No, not from you.
Cocoa: O-oh Haha... Silly Bassie always with your jokes! ...Hah","Cocoa: Blot! Guess what! Tisha told me that you always leave a messy trail!
Blot: .did ehs erus m'I (I'm sure she did.)
Cocoa: So I thought of a way to help! What if I followed you around with a mop!
Blot: .gnitailimuh ylpeed eb dluow tahT (That would be deeply humiliating.)
Cocoa: I'm sure you agree it's a good idea! I'll have to find a mop first, though!
Blot: .nosaes gnirps eht rof spom ediH ...fles ot etoN (Note to self... Hide mops for the spring season.)",,"Boxten: Cocoa, I had just a small question- if that's alright?
Cocoa: Of course it's alright! I'm always open to a question from a friend!
Boxten: Well... What is your favorite music genre?
Cocoa: Hmm- how about any genre that reminds me of Easter!
Boxten: Not sure what genre that would be in specifically- but that's nice...","Cocoa: Brightney! I noticed the libraries had some books out of order, so I helped categorize!
Brightney: Wow, Cocoa, that's very helpful! But... how did you organize them?
Cocoa: Hm?
Brightney: I mean, you did organize them and categorize them in some sort of order... right?
Cocoa: ...Huh? Oh! Right! I categorized based on Dazzle's notes! I don't fully remember.
Brightney: Phew... Right, thank you Cocoa!",,"Cocoa: Long time no see, Coal! Have your expeditions with Bobette been fun?
Coal: ...Bworf.
Cocoa: I guess you do look a little tired. And a little hungry, too...
Coal: Bwoof...
Cocoa: You know what, I'll give you all the treats I can find after this! Will that make you happy?
Coal: Bwoof!","Cocoa: Golly, this is not what I expected to do today!

Cocoa: I could go for another Bonbon...

Cocoa: Lets hop to it!","Connie: Need any help, Cocoa?
Cocoa: Huh? You're asking ME if I need help?
Connie: Well, yeah. That was the plan.
Cocoa: I'm so glad you asked!! I have this huge list of things I need to get done, and-
Connie: Changed my mind. Nevermind.
Cocoa: Aw shucks, that's what toons usually say...","Cocoa: Hey Cosmo, can you please make me some bonbons?
Cosmo: I've never made bonbons before, Cocoa. What if I mess them up?
Cocoa: I'm sure you'll do great! Your cooking is always amazing!
Cosmo: That's really sweet of you, Cocoa! Tell you what: I'll try to make some after this.
Cocoa: Really?! Thank you so much, Cosmo!!
Cosmo: Anytime...!",,,,"Eggson: Cocoa, you always seem to be helping one person after another.
Cocoa: I guess I am, yeah. I kinda lose track of time when helping others, haha...
Eggson: When was the last time you took a break, young lady?
Cocoa: Uhmmmm...
Eggson: ...I think listening to one of my stories would help you slow down a bit.

Cocoa: Do you need any help, Eggson?
Eggson: Ah Cocoa, this is the hundredth time you've offered me help in just this week.
Cocoa: You know me! I just like to help out whenever I can!!
Eggson: Hmmm, I was going to go egg hunting soon, and-
Cocoa: Sure, I'll help you if you'd like!
Eggson: Hmm... A hundred and one now.",,,"Flyte: Cocoa, wait up a second!
Cocoa: Oh hi Flyte! What's up?
Flyte: You're always so quick to help everyone. Maybe you should slow down a little.
Cocoa: I mean, I can try to slow down a little bit! Did something happen?
Flyte: I just...don't want you helping the wrong person, y'know? It could be dangerous for you.
Cocoa: Well Flyte, I think everyone deserves a little help!

Cocoa: Hey Flyte! How are you doing?
Flyte: Could be better, I guess. Thanks for checking in though, Cocoa.
Cocoa: Of course! Is there anything I can do to help you feel better?
Flyte: Umm, I don't think even you can help this situation be any better...",,,"Glisten: Cocoa, how do I look?
Cocoa: Hmm, you look nice!
Glisten: Well, I mean, do I not look perfect?
Cocoa: Aw Glisten, no one is ever perfect!
Glisten: You must be mistaken! You simply can't handle perfection! You're looking at it.
Cocoa: Hehe, alright, alright. Whatever you say silly!","Goob: Cocoa!
Cocoa: Golly Goob, you're just as energetic as ever!
Goob: Of course! If you're here, everything's gonna be alright!
Cocoa: Aww, thank you Goob! A hundred hugs for you!!
Goob: Not if I give you a hundred hugs first!!",,,"Cocoa: PEBBLE!! You look soooo CUTE!!!
Pebble: Bark Bark!!
Cocoa: Awww, who's a happy little pet rock! You are!!
Pebble: Arf!!
Cocoa: Hehehe! Soooo sweet! Just like my Bonbons!
Pebble: Bark!!",,,,,,,"Cocoa: Heya Shelly! I saw you and Bassie getting along!
Shelly: Really? I thought we just chatted here and there but-
Cocoa: You two SHOULD hang out more! Any friend of her's is a friend of mine!!
Shelly: Aw.. that's sweet! Thanks Cocoa...!
Cocoa: Hehe! No need to thank me for just being a friend!",,,,,,"Cocoa: Hiya, Tisha! Need any help cleaning at all?
Tisha: Oh, no thank you Cocoa. It's very kind of you to offer though!
Cocoa: Are you sure? You're usually the only one cleaning, so I thought you'd like some help!
Tisha: No, I'm fine Cocoa. Thank you though, really!
Cocoa: Well alright, I guess!",,,
CONNIE,"Connie: Your chats with Dandy are boring.
Astro: W-what...?
Connie: Yeah, I stuck around for one while being invisible...
Astro: Connie!
Connie: What. All you talked about was past episodes!
Astro: ...Ah uhm, alright... sorry.

Astro: You know Connie... you have a subtle glow to you.
Connie: Oh yeaaah, makes navigating around the dark places so much easier!
Astro: Yes, I've found my own glow useful for such.
Connie: Yeah- I mean it would be more useful if I couldn't already see in the dark!
Astro: Wait, you can see in the dark?
Connie: Heh, maybe.","Bassie: So Connie, you can go invisible? Like disappear?
Connie: I mean yeah, I can go invisible, but that doesn't mean I just disappear.
Bassie: Ah right...
Connie: Right...? Is that all you wanted to ask?
Bassie: I guess, yeah, sorry to waste any time-!
Connie: It's all good, don't stress about whatever is on your mind girl.","Connie: Blot how many pairs of gloves does one Toon need to own!
Blot: !enim fo emos nelots sah ehs erus ytterp osla m'I .erom sah igiG erus m'I (I'm sure Gigi has more. I'm also pretty sure she has stolen some of mine!)
Connie: ... What?
Blot: .pmow pmoW... (...Womp womp.)
Connie: Hey don't start with that! I hear it enough from Looey.","Bobette: Heya Connie! Are you feeling the spirit of Christmas joy in the air!
Connie: EH... not exactly? I'll be real with you Bobette- You're very Christmas-y?
Bobette: Yeah...? That is sort of my thing!
Connie: Yeah, yeah- but I feel like Christmas happens way too soon after Halloween.
Bobette: What! Oh come on, I'm sure you're just overreacting a little!
Connie: Naaah girl... I swear, the Christmas decorations start way too early! Halloween should last so much longer!","Boxten: Connie, do you think you could stop scaring me around corners?
Connie: I'll think about it.
Boxten: ...
Connie: ...
Boxten: And-?
Connie: I've decided I'll keep doing it! You're too easy of a scare!","Connie: ...Heeey
Brightney: Hey Connie!
Connie: ...
Brightney: ...Yeah?
Connie: Hey.
Brightney: Haha, Hi Connie.

Brightney: You've been doing a great job helping, Connie!
Connie: I mean, I am pretty good at this.
Brightney: Keep up the good energy!
Connie: Will do, yup, you got it!","Connie: So, what's the meaning behind your art?
Brusha: The meaning is so in depth that you wouldn't understand it.
Connie: This is why no one invites you to parties.","Coal: Bwoof, bork.
Connie: Yeesh... you are one big rock.
Coal: Bworf.
Connie: Yikes, what is Bobette feeding you???","Connie: Need any help, Cocoa?
Cocoa: Huh? You're asking ME if I need help?
Connie: Well, yeah. That was the plan.
Cocoa: I'm so glad you asked!! I have this huge list of things I need to get done, and-
Connie: Changed my mind. Nevermind.
Cocoa: Aw shucks, that's what toons usually say...","Connie: Hah... Boo.

Connie: Thinking about what to haunt after this.

Connie: Uuugh, another floor.","Cosmo: Connie, do you think you could help me and Sprout bake later?
Connie: Why me-?
Cosmo: Well, you know...
Connie: Ah right, I can reach the high shelves.",,,"Eclipse: Hi Boolynski!! Hiii!!!
Connie: Ay Eclipse- It's Connie.
Eclipse: Oh, right, right! Oopsie, sorry!
Connie: It's fine, how are you holding the crew together? My little replacement.
Eclipse: I try my best to live up to your awesomeness!!!
Connie: Heck yeah you do! You're doing amazing Eclipse, keep up being awesome.",,"Finn: Hey Connie, have you ever heard of a Cuttlefish before?
Connie: Nope. That sounds boring.
Finn: Well, I thought you'd find them interesting because they're really good at hiding, like you are!
Connie: Oh wow, really?? That's actually interesting!
Finn: Do you really think so??
Connie: No Finn, I was kidding. That still sounds boring.","Connie: Flutter, what are you doing after this?
Flutter: ...!
Connie: Oh, wait really?
Flutter: ...!!!
Connie: Wow, that's a little hardcore, even for me.

Flutter: ...?
Connie: My favorite color is blue.
Flutter: ...??
Connie: No, I mean I like pink! It's just not my favorite.
Flutter: ...
Connie: Oh c'mon don't be like that.",,"Connie: Hey girl, hey!
Gigi: Heeey wassup?
Connie: Been haunting, and floating, you know the usual!
Gigi: Mwehehe, nice...

Gigi: I wish I could float...
Connie: It's great honestly, I can reach high places.
Gigi: Like, top shelves? I could use something like that.
Connie: Yeah, you'd find nothing cool up high, so don't worry.
Gigi: But think of all the dust I could reach!",,"Connie: Ugh, why don't people include me in conversations?
Glisten: Hm, are you invisible during them?
Connie: ...Haha, oh yeah, I usually am.
Glisten: That will do it.","Connie: Do you even know you exist Goob?
Goob: Uhm, Yeah! Mhm! Yeah!
Connie: Do you REALLY know?
Goob: ...Hm, hm... Yeah!
Connie: Alright, just making sure.","Gourdy: Hey Boolyn- I MEAN, Connie...
Connie: Yeah-huh, lil' guy? There is an effort, I mean for sure I am seeing your attempt there!
Gourdy: I meaaan, at least I am trying! Right?
Connie: True, unlike a certain FAKE ""knight""...
Gourdy: Aw cmon Connie, Soulvester is awesome!
Connie: Trust me Gourdy, you're way more awesome than he is, haha-","Connie: Ugh it's like so cold...
Looey: Isn't it always cold for you?
Connie: Yeah, that doesn't mean I can't complain.
Looey: You know what... fair.

Looey: Connie ever thought of joining a circus?
Connie: No interest in joining your little carnival crew.
Looey: Oh cmon! Could be fun!
Connie: Nooope, not wasting my time.
Looey: Womp womp...","Connie: I could be haunting right now, but instead I'm stuck in this elevator.
Pebble: Arf!
Connie: Oh...and Pebbles here too, I guess...?
Pebble: Arf Arf!
Connie: Do you even know what's going on, or do you just enjoy doing this all of the time?
Pebble: ...Bworf.

Pebble: Grr....
Connie: Don't give me that, I already promised I wouldn't sneak into his room again.
Pebble: GRRR... BARK! BARK!!
Connie: OK, I get it! Sheesh, it's like Dandy takes really good care of you or something...","Poppy: Connie, it's super cool that you can go invisible!!
Connie: I mean, it's pretty cool sure, sometimes even entertaining!
Poppy: Oh yeah? Entertaining in like, what way???
Connie: Psh... I mean I can spy on people without them knowing, learn their juicy secrets.
Poppy: ...
Connie: . . .","Connie: You two up to anything recently?
Razzle & Dazzle: The usual! (...I was hoping we'd read later.)
Connie: Yeah...? I don't do that whole reading thing.
Razzle & Dazzle: Wait, you don't read at all? (What about signs, or instructions?)
Connie: Meh, I don't abide by the rules!","Ribecca: Boolynski!! Girl it is great seeing you!!
Connie: It's Connie still, but Ayyy! Your outfit is great as always.
Ribecca: Aw thank you! You know me, making just the best outfits and costumes.
Connie: You planning on making me any?
Ribecca: If you'd want some you know I'd be happy to throw a few things together while I feel creative.
Connie: I look forward to seeing what you make! Better be suuuper cool.","Rodger: Miss Boolynski...
Connie: WHO TOLD YOU THAT NAME!?
Rodger: . . .
Connie: Don't call me that!! It's embarrassing!! Stick. To. The nickname!
Rodger: I thought it was a lovely name, but I understand, nothing meant by it.
Connie: Ugh, just stop talking Rodger.",,"Connie: I hate to sound like Tisha, but you should so clean your room.
Scraps: It's not even THAT messy... have you seen Yatta's room?
Connie: Huh... Fair point!
Scraps: Hey wait, since when did I invite you to my room???
Connie: . . .
Scraps: Connie!! Stop snooping around the place!","Shelly: Hey so dinosaurs are extinct... and well, you're...
Connie: ...I'm what Shelly?
Shelly: . . .
Connie: Go on. Say it.
Shelly: ...NEVERMIND! Nevermind!","Shrimpo: I HATE TOONS WHO FLOAT!
Connie: ...I feel very targeted.
Shrimpo: I HATE TOONS WHO THINK THEY'RE THE MAIN TOPIC!!
Connie: WHO ELSE FLOATS AS MUCH AS ME SHRIMPO!?
Shrimpo: I DO NOT ANSWER TO YOU!!!","Soulvester: Sister, even though we are apart most of the year, I must say- I wish it was longer.
Connie: Yuuup, same can be said here bro. You're way too serious all the time!
Soulvester: -And you are never serious enough. Though I will always be here as your protector.
Connie: I can be serious when I want to be! And sure- yeah... keep larping as a knight.
Soulvester: I AM a knight!
Connie: Sure, sure...","Connie: Berry-boy, what's going on with you?
Sprout: Ugh... Did Vee tell you to call me that???
Connie: Pft- No, I just overheard her call you that and thought I'd give it a try!
Sprout: Well cut it out, I don't need any of your pranks, or tricks, or whatever you do.
Connie: Oh lighten up! Just a little tease!","Squirm: Connie...?
Connie: What is it worm buddy?
Squirm: Worm buddy...? W-we're friends??? Buddies...???
Connie: Well I meant it more so as a little nickname-
Squirm: I-I don't have many Friends... snf... This... this is amazing- sniffle-
Connie: Oh,,,erm... Yeaaa, we're friends. Sure.","Connie: Hey Teagan, could I maybe-
Teagan: No, you may not come to another tea party.
Connie: What!? Why?!
Teagan: Connie, you haunted the kettle and spun it around in the air for an hour.
Connie: Good times... Ah, what fond memories!
Teagan: No Connie! NOT fond memories! Poor Dazzle got tea in his eyes!","Tisha: Connie, keeping tidy?
Connie: Yes.
Tisha: Are you..? Seems like a fast response.
Connie: Tisha, please, my room has like... nothing.
Tisha: Oh? Maybe I could help decorate!
Connie: Maybe.","Connie: Hey kid, you uh... like any toys...?
Toodles: Uhuh! I have a plush, of a dog! And the dog is my favorite!
Connie: ...And is there a reason the dog toy is your favorite?
Toodles: She's got a spot on her head! Just like me!
Connie: UGH- That's actually too adorable to say anything further.","Connie: Do you think I'd be able to haunt your screen...?
Vee: Don't try it.
Connie: OoOoo... I just might!!
Vee: I'll tell Brightney.
Connie: ...Erm, Nevermind.

Vee: -Zzst- BZT-
Connie: Someone sounds a little out of tune!
Vee: Tch, it was just for a moment.
Connie: Eh, pretty sure you make that noise a couple times throughout the week!
Vee: What, are you counting the times???
Connie: Nah, I just take notice of things! Many things! I'm a good observer.","Connie: Yatta, are you ready for the next floor?
Yatta: I'm ALWAYS ready!! Unless I'm not, IN WHICH IT'S NOT ALWAYS!!
Connie: ...Yeah girl?
Yatta: YUP! Watch! And leaaaarn!
Connie: Pft, sounds like you're ready then, let's do this!"
COSMO,"Cosmo: You look a little down... Do you maybe want a cookie break later?
Astro: ...No, thank you for your offer, though Cosmo. I'm sure you'll be busy.
Cosmo: Aw but cmon, I'm never too busy to spend some time with a friend!
Astro: ...
Cosmo: ...Well- If you reconsider, let me know! I'll have cookies ready incase!
Astro: ...Alright, sorry, thank you.

Astro: You've been having some interesting dreams Cosmo.
Cosmo: Which one? The one with fire, or the one with flowers?
Astro: Well the flowers were- wait, fire?
Cosmo: ...Nevermind! Nevermind! Lets talk later on that! haha...
Astro: ...",,"Cosmo: Blot did you still want that order of uhm... three cakes?
Blot: .seY (Yes.)
Cosmo: Ok... why?
Blot: .attaY (Yatta.)
Cosmo: Ooooh, I think I get it now, alright!

Blot: .edam tuorpS seikooc esoht fo eno flesym teg og dluoc I enod si siht lla retfa ebyaM (Maybe after all this is done I could go get myself one of those cookies Sprout made.)
Cosmo: Did you say Sprout?
Blot: ???em fo tuo dnatsrednu ot tog yllautca uoy gniht eno eht taht si woH (How is that the one thing you actually got to understand out of me???)
Cosmo: Uhm... What?
Blot: dnimreveN (Nevermind)",,"Cosmo: Boxten, your key on the back of your head spins whenever you do a machine.
Boxten: Huh really? It tends to spin when I focus on something..
Cosmo: Is that why it spins when I teach you recipes?
Boxten: Well I get nervous with the oven! Rather be focused...
Cosmo: I think you do great! Try not to stress about it..!

Boxten: Pft- I just remembered the time I mistook salt for sugar.
Cosmo: Haha yeah, I have to check every time I'm in the kitchen with you now!
Boxten: Well we're thankful to have someone as caring as you...!
Cosmo: Aw, thanks Boxten! That's kind of you to say!","Brightney: Cosmo! How is that cookbook I gave you?
Cosmo: It's great, Brightney! Sprout and I are learning a lot of recipes from the book!
Brightney: I'm glad to hear that! I didn't know Sprout enjoyed the cookbook as well.
Cosmo: Yeah, we sit together and read it when we get the chance to!","Cosmo: Brusha, have you ever used a piping bag?
Brusha: No, why would I ever use such a thing?
Cosmo: There is an art to decorating desserts! My cousin loves to decorate desserts.
Brusha: Would you consider your cousin an artist?
Cosmo: Of course I do!",,"Cocoa: Hey Cosmo, can you please make me some bonbons?
Cosmo: I've never made bonbons before, Cocoa. What if I mess them up?
Cocoa: I'm sure you'll do great! Your cooking is always amazing!
Cosmo: That's really sweet of you, Cocoa! Tell you what: I'll try to make some after this.
Cocoa: Really?! Thank you so much, Cosmo!!
Cosmo: Anytime...!","Cosmo: Connie, do you think you could help me and Sprout bake later?
Connie: Why me-?
Cosmo: Well, you know...
Connie: Ah right, I can reach the high shelves.","Cosmo: Do I... smell a burning scent? Uh probably nothing...

Cosmo: I wish I was baking right now!

Cosmo: I'll admit... I'm a bit nervous.",,,,"Eggson: Cosmo, could I perhaps-
Cosmo: For the last time Eggson, you cannot take the eggs out of the fridge and hide them for me to find.
Eggson: Drats Cosmo! Can't you understand my vision!
Cosmo: It's not happening.","Cosmo: Hey Finn did you need anything to feel better...?
Finn: Nope! But if I do trust me I know a... sturgeon!
Cosmo: . . . I don't get it?
Finn: Like the fish! And surgeon!
Cosmo: ...
Finn: STURGEON! Haha!","Cosmo: Flutter, I just wanted to say I think you're doing great.
Flutter: ...!
Cosmo: Yeah, I just think you don't hear it enough, that it would cheer you up.
Flutter: ...
Cosmo: Keep it up, alright?
Flutter: !

Flutter: ???
Cosmo: What...? No, I don't think so.
Flutter: ...?
Cosmo: No, we definitely didn't leave any machine incomplete last floor.
Flutter: . . . ?
Cosmo: What does this have to do with the size of my head???","Cosmo: Flyte, would you have any idea where some of the Easter-themed recipe cards went-?
Flyte: You and Sprout don't have them...? I thought you had copies of those cards.
Cosmo: Well for some of them we do- but- not all of them...
Flyte: Well I'll be honest, I did use some for thematic scrapbooking... So sorry.
Cosmo: Darn, well at least they were used somewhere.","Gigi: Pst, Cosmo! It says gullible on the ceiling!
Cosmo: Wait- really? Where?!
Gigi: Mwehehe...
Cosmo: ...Oh wait- No... I fell for it.
Gigi: Gigi wins!","Ginger: Cousin Cosmo! So happy to see you!
Cosmo: Hey Ginger, I am happy to have you around...!
Ginger: Yeah... don't get to see you too often haha...
Cosmo: Right, I understand why though, being a Holiday Toon and such.
Ginger: Mhm...! But if you need anything, let me know... truly!","Glisten: Cosmo those stars on your cheeks are such a lovely bit of makeup!
Cosmo: Glisten, those aren't makeup, Ive always had these.
Glisten: Seriously?
Cosmo: Yeah, they're on all my art around Gardenview!
Glisten: I knew that! How could I not know that! Haha...","Cosmo: Hey Goob! Were you busy later?
Goob: Nope! Not too busy! Something on your mind buddy?
Cosmo: Well I was hoping you could taste test some cookies later!
Goob: I can taste test ALL the cookies!!!
Cosmo: Oh, you seem excited..?
Goob: You say taste, and cookie, and my name, and I get excited!!!",,"Cosmo: Looey, think you could lighten up the mood..?
Looey: Sure can! Ever seen me juggle?
Cosmo: Can't say I have yet!
Looey: ...
Cosmo: ...Well are you going to?
Looey: Oh! Look at the time! The elevator is opening! Gosh, we should prepare!","Cosmo: Sprout said to stop giving you pet treats.
Pebble: Bwork?
Cosmo: ...Yeah, sorry buddy. Apparently one everyday isn't good for you.
Pebble: Grrr-- BARK!
Cosmo: Hey, hey! Be a nice rock.","Poppy: Hey Cosmo, could you bake some cookies with my face on them?
Cosmo: Oh sure! What kind of toppings should we put on the cookies?
Poppy: Hmm…Maybe we could use gumballs for the eyes, and-
Cosmo: Never again.
Poppy: Are you sure? I’m sure they’d look great!
Cosmo: Never. Again.","Cosmo: Do you both want to help in the kitchen later?
Razzle & Dazzle: Depends, got a sweet treat? (...We'd help you even without the dessert.)
Cosmo: I'm sure I can find the time to get you both something!
Razzle & Dazzle: YES!!! (...Oh, thank you Cosmo.)
Cosmo: Of course!",,"Rodger: Cosmo think you could answer some quick questions?
Cosmo: Nope.
Rodger: Oh Cosmo, there is so much to be answered though and-
Cosmo: Are the questions about Sprout?
Rodger: Well...
Cosmo: In that case, nope!",,"Cosmo: Scraps have you been the one folding the napkins into origami?
Scraps: ...Maybe.
Cosmo: Well I think the origami is really well done!
Scraps: Really? Aw... I thought you were going to complain!
Cosmo: Complain? Of course not!! I feel bad taking them apart...","Cosmo: …The plant in my room wilted recently.
Shelly: Oh no, were you giving it enough water?
Cosmo: Yeah! Maybe I gave it too much water?
Shelly: You could ask Dandy for advice on that!
Cosmo: …Uhm, no thanks Shelly. I think Dandy is the last person I want to ask.","Cosmo: So happy we made it off that floor...
Shrimpo: I'M NOT.
Cosmo: W-what?
Shrimpo: LET'S GO BACK.
Cosmo: Shrimpo- no, we're not going back up???
Shrimpo: YOU NEVER LISTEN TO ME, I HATE YOU!!!",,"Cosmo: Are you okay...?
Sprout: Are YOU okay-?
Cosmo: Ohh... Sprout, cmon I asked first.
Sprout: Well I asked louder! Cmon! You say first!
Cosmo: ...I'm okay.
Sprout: Good! Then I'm okay too!

Sprout: Hm... you ever notice the sign that says 'Delictable'?
Cosmo: The one in the dining section? Isn't it meant to be 'Delectable'?
Sprout: ...Yeah, yeah it is.
Cosmo: ...
Sprout: We're not fixing it are we?
Cosmo: Hehehe- Nope!","Squirm: Snf... sniffle-
Cosmo: Is something on your mind...?
Squirm: I-I thought back to... a r-really SAD STORY REALLY, REALLY, SAD-
Cosmo: Woah, woah… it's going to be alright! It's just a story, I'm sure there's other things to focus on.
Squirm: YOU'RE RIGHT! Snf- WORSE THINGS!!! WAAAH!!!
Cosmo: …There, there- I'll let you just get all out your emotions.","Teagan: Excuse me Cosmo, do you have a moment?
Cosmo: Sure! Anything I can help with?
Teagan: If it's not too much trouble, would you be willing to bake some cookies for me?
Cosmo: Oh, of course! Hosting another tea party?
Teagan: Not this time, I simply adore your cookies with my tea! I can't get enough of them.
Cosmo: Haha, I'm glad you enjoy them! I'll try to make some when I'm able to!","Cosmo: Tisha how are you doing...?
Tisha: Well... I could be better!
Cosmo: Right, I could agree there.
Tisha: That I could be better?
Cosmo: Oh! No! I mean, I feel the same way!
Tisha: -I was about to say! Hahaha...","Toodles: So do you use the oven alot?
Cosmo: Of course!
Toodles: I heard that's dangerous though!
Cosmo: Dangerous? Well, they could be if you're not careful!
Toodles: Oh ok!... Are you careful?
Cosmo: Hah uhm- careful enough usually!","Cosmo: Vee, are you alright..?
Vee: You're checking in on me? I mean, I'm fine honestly.
Cosmo: That's good to know, I was told you haven't been doing the best.
Vee: What? -Who said that.
Cosmo: Well, I uh...
Vee: -Never mind, I know who. Sprout can ask me himself next time.",
DANDY,,,,,,,,,,,,"Dandy: Hello, World!

Dandy: Another day, another fun adventure!

Dandy: What fun things will we get into today?

Dandy: Oh boy! I can't wait!

Dandy: My botanical escapades continue!",,,,,,,,,,,,,,,,,,,,,,,,,,,,,
DYLE,,,,,,,,,,,,,"Dyle: Are we still on time?

Dyle: It is in fact me, Dyle Timesly.

Dyle: Where are we off to now?

Dyle: An elevator just isn't as fun as a train.

Dyle: Ahem... Anywho.",,,,,,,,,,,,,,,,,,,,,,,,,,,,
ECLIPSE,"Eclipse: You're a crescent moon, and I have a crescent moon on my head! We match!!
Astro: Oh... I suppose we do match...that's lovely.
Eclipse: You're lovely!! We gotta be like BEST FRIENDS!!
Astro: I uhm- I'm not sure about that... but I'd consider you a nice friend, just not my closest- or best...
Eclipse: Aw... That's okay, I understand... Do you wanna howl at the real moon together sometime?
Astro: Uhm... No thank you.",,,,,"Eclipse: Woah... your light is so bright! YOU'RE SO BRIGHT!!!
Brightney: Ah, uhm... thank you!
Eclipse: I LOVE bright lights! How do I glow as bright as you in the night?
Brightney: Hmm, I could show you what type of lightbulbs I use!
Eclipse: Yes please!! YES!!",,,,"Eclipse: Hi Boolynski!! Hiii!!!
Connie: Ay Eclipse- It's Connie.
Eclipse: Oh, right, right! Oopsie, sorry!
Connie: It's fine, how are you holding the crew together? My little replacement.
Eclipse: I try my best to live up to your awesomeness!!!
Connie: Heck yeah you do! You're doing amazing Eclipse, keep up being awesome.",,,,"Eclipse: AWOOO!!

Eclipse: I've got a scent I'm tracking...",,,,,,,,,"Eclipse: AWOOO!
Gourdy: Eclipse... you're howling... why? -What for?
Eclipse: To get the pack excited for another floor!
Gourdy: Eclipse I don't think howling is gonna get everyone excited... but I mean, the thought counts I guess!
Eclipse: It gets me super excited!! AWOOO!

Gourdy: Eclipse, what would you pick, a trick!!... or a yummy treat?
Eclipse: Obviously a yummy, yummy treat!! Who would pick a trick??
Gourdy: I would!!! No one ever gives trick a chance, they don't have people saying ""treat or treat"" ever!
Eclipse: I guess you're right, it is ""trick or treat"" NOT ""treat or treat""...
Gourdy: What if I made it ""trick or trick""???
Eclipse: Very spooky and scary of you!! -don't ACTUALLY do it though.","Eclipse: Woah! Are you like a bunny balloon? Or a dog balloon???
Looey: Huh? Oh! I'm actually neither haha just kinda my own thing, just a balloon!
Eclipse: Awww, I was hoping you'd say dog! I need friends to howl at the moon with.
Looey: You howl at Astro...?
Eclipse: Nah, the real deal, the real moon! Just a lil' AWOOO! You know.
Looey: Can't say I know the feeling...",,,,"Eclipse: Ribecca if I tried to catch my tail would you watch? SAY YES!! Please say yes!!
Ribecca: I'll be real Eclipse, I wouldn't wanna watch that, it took you three hours last time.
Eclipse: Aw but when I caught it that one time the pay off was amazing!!
Ribecca: The ""pay off"" was you falling asleep almost immediately after from exhaustion.
Eclipse: Aw yeah... good times...

Ribecca: Girl... Eclipse, sometimes you stare at me just like Pebble… Knock that off.
Eclipse: ...
Ribecca: Ay! Eclipse!
Eclipse: -Huh? Oh! Sorry Ribecca!! Was I staring??
Ribecca: Yeah, yeah you were.
Eclipse: Oopsie daisy! My bad!! I just zone out sometimes!",,,,,,"Eclipse: Soulvester! How do you always wear that armor? It must be so heavy!! Cause your like sooo slow!
Soulvester: This stunning suit of armor may be cumbersome at times though it provides me great protection.
Eclipse: Yeah but you wear it even when you don't really need protection!! Like all the time!
Soulvester: ...Yes well, I must admit, I simply do not find myself as knightly without such.
Eclipse: ...So you just wear it? Like all the time?
Soulvester: ...Thou wouldn't understand.

Soulvester: Eclipse, do you find yourself nervous? -I see your fur is a bit ruffled.
Eclipse: Oh that might just be static in the air! You should see me when I dry off! I'm so fluffy!
Soulvester: Ah I suppose that would make sense, ignore my trivial comments.
Eclipse: It's ok!! I know you're just super protective!
Soulvester: I am protective of all Toon's for that is my duty as knight, that of protector.",,,,,,,
EGGSON,"Eggson: Astro, you are getting proper rest, aren't you?
Astro: Hm...? Why do you ask?
Eggson: You seem to be dozing off some! You should really have some proper rest!
Astro: ...I'm sorry, but-
Eggson: No buts! Tell me you'll rest a proper amount when you're able!!
Astro: ...Oh, uhm- I will rest a proper amount- ...when able.","Eggson: Ah Bassie just the Basket I wanted to see!
Bassie: Eggson! Did you need something...?
Eggson: Of course, it was something of the utmost importance actually!
Bassie: O-oh... Sounds serious...
Eggson: Sure is serious! I was in terrible need of seeing you smile!
Bassie: Aw... yeah, I'll try and smile a bit more.

Bassie: Eggson I could use some advice later...
Eggson: Advice? Eh well you're coming to the right Toon, I've got plenty wisdom...!
Bassie: Yes but it's advice on something not uhm well... egg related.
Eggson: Not egg related!? Well... I suppose I can still give more so general advice.
Bassie: Thanks Eggson...",,,"Boxten: Hey there, Eggson!
Eggson: Hello there, young man! Have you been taking care of yourself?
Boxten: I have...but I still end up getting stressed sometimes.
Eggson: Worry not! This wise egg has a relaxing story or two to help you calm down.
Boxten: I'd appreciate that a lot, thank you..!","Eggson: Brightney, do you think you could make me one of those lists you make?
Brightney: A to-do list? Of course! Can I ask what you plan to-do then! Haha.
Eggson: Yes, yes... First there is painting the eggs, second is to find more eggs, third is for eggs to-
Brightney: Eggson... are all of these notes planned to be egg-related?
Eggson: Yes.
Brightney: Why don't we write these down a bit later then... haha-",,,"Eggson: Cocoa, you always seem to be helping one person after another.
Cocoa: I guess I am, yeah. I kinda lose track of time when helping others, haha...
Eggson: When was the last time you took a break, young lady?
Cocoa: Uhmmmm...
Eggson: ...I think listening to one of my stories would help you slow down a bit.

Cocoa: Do you need any help, Eggson?
Eggson: Ah Cocoa, this is the hundredth time you've offered me help in just this week.
Cocoa: You know me! I just like to help out whenever I can!!
Eggson: Hmmm, I was going to go egg hunting soon, and-
Cocoa: Sure, I'll help you if you'd like!
Eggson: Hmm... A hundred and one now.",,"Eggson: Cosmo, could I perhaps-
Cosmo: For the last time Eggson, you cannot take the eggs out of the fridge and hide them for me to find.
Eggson: Drats Cosmo! Can't you understand my vision!
Cosmo: It's not happening.",,,,"Eggson: Eggs.

Eggson: I wonder if Dandy hid an egg in here...

Eggson: This is more intense than the last Egg Hunt!",,"Flutter: ...!!!
Eggson: Goodness Flutter... you're very energetic today.
Flutter: ...?
Eggson: Me? No I'd rather not.
Flutter: ...!!
Eggson: Flutter, that idea has too many eggs, even for me.","Eggson: Sigh... I miss the egg hunt!
Flyte: Eggson, we still celebrate with an egg hunt each year.
Eggson: No, no, no... They don't call it an EGG hunt anymore!
Flyte: W-what do you mean?
Eggson: They just call it ""The Hunt""... or something.
Flyte: Eggson, I think you're talking about some sort of dream.

Flyte: Eggson anything on your mind?
Eggson: Hmmm... Eggs.
Flyte: Anything uhm, other than eggs?
Eggson: Our place within the structure of this somewhat Toon formed community, and by that the social structure of such-
Flyte: I think I'd rather you talk about the eggs...
Eggson: Can do! I could talk about eggs all day!","Eggson: I wonder if there's any eggs hidden anywhere...
Gigi: Eggs? Like... Items, hidden, for the finding—FOR THE TAKING??
Eggson: ...I mean, yes, that is what an egg hunt would be, wouldn't it!
Gigi: Eggson why didn't you say so! If there is any lying around I WILL find them!
Eggson: Oh! And you'll share them with me?
Gigi: Woah, woah, who said all that about uhm ""shar-ing""... No.",,,,,,,,"Eggson: Well hey there, Razzle and Dazzle! Have you two read any good books lately?
Razzle & Dazzle: Hi there, Eggson! (We've read quite a few books recently...)
Eggson: Ohoho! Would you like to trade stories sometime? I'd love to hear what you've read!
Razzle & Dazzle: Sure thing! (Just let us know when...)",,"Eggson: So Rodger, how's the little one that follows you around?
Rodger: Toodles? She's well, I'm sure to always keep my eye on her.
Eggson: Good, I trust she's well under you watch.
Rodger: Well, I try my best to look out for her.
Eggson: That's all you can do Rodger, is your best! Ohoho!

Rodger: Eggson you have a smudge on your glasses.
Eggson: Usually it'd be Glisten telling me that...
Eggson: ...
Eggson: Rodger?
Rodger: I think I'm being influenced by the company I keep.",,,,"Shrimpo: I HATE OLD PEOPLE!!!
Eggson: Shrimpo, I must say I do feel targeted.
Shrimpo: YEAH, WELL, I HATE THAT YOU THINK THAT I HATE YOU IN SPECIFIC!
Eggson: Well do you hate me in specific...?
Shrimpo: YES, I HATE YOU IN SPECIFIC! BUT I ALSO HATE YOU THINKING WHAT I THINK!",,,,,,"Toodles: Eggson! Eggson! I barely ever get to see you!!
Eggson: Ohoho! Is that who I think it is!
Toodles: Hehehe! Yeah It's me! It's Toodles!
Eggson: I know! I could never forget you little one!
Toodles: Are you going to tell a story later??
Eggson: Hm... Maybe! If you're on your best behavior.",,
FINN,"Finn: Astro! Ever heard of a Sunfish?
Astro: ...
Finn: ...Astro?
Astro: Huh? Oh yes, sorry the sun-FISH, yes...
Finn: Why don't I just tell you all about it later!
Astro: Mhm, later... thank you.

Astro: Finn do you ever dream of anything other than fish...?
Finn: Why would I ever want to NOT dream of fish???
Astro: ...Alright, never mind.
Finn: My mind is filled with nautical treasures!",,"Finn: Hey Blot! Since you’re ink I thought you’d love to hear an octopus pun!
Blot: ... (...)
Finn: Ahem... What’s an octopuses favorite shape?
Blot: .nogatco nA... (...An octagon.)
Finn: An octagon!!!","Bobette: Sooo... Finn, I got your note about what you were wanting as a gift.
Finn: REEL-y??? Good! I'm sure you found it FIN-tastic!
Bobette: Finn, buddy, friend, uhm... I counted around- seventeen whole fish puns written.
Finn: Yup! and-?
Bobette: Oh uhm... uh- I didn't understand it that well...
Finn: Haha-! Don't worry, I just wanted another tackle box!","Boxten: I've been wondering, what's your favorite fish?
Finn: A favorite? I could never pick a favorite!
Boxten: Oh, well, I like the Tuna..!
Finn: Well, you're a TUNA-fun!
Boxten: I... I don't get it.","Finn: Brightney, you remind me of a goldfish!
Brightney: Wha-? Excuse me?? Are you calling me forgetful?
Finn: No, no, quite the opposite! Despite the stereotype, goldfish actually have amazing memory!
Brightney: Oh... I didn't know that. Thank you for the compliment, Finn!","Brusha: You know Finn, some say jokes are a form of art.
Finn: You REEL-Y think so?
Brusha: No, not at all, I don't think so.
Finn: ...Then why did you say it in the first place?
Brusha: Because if I don’t like your jokes, at least someone less impressive does.
Finn: I can’t tell if you’re complimenting me or not...",,,"Finn: Hey Connie, have you ever heard of a Cuttlefish before?
Connie: Nope. That sounds boring.
Finn: Well, I thought you'd find them interesting because they're really good at hiding, like you are!
Connie: Oh wow, really?? That's actually interesting!
Finn: Do you really think so??
Connie: No Finn, I was kidding. That still sounds boring.","Cosmo: Hey Finn did you need anything to feel better?
Finn: Nope! But if I do trust me I know a... sturgeon!
Cosmo: ... I don't get it?
Finn: Like the fish! and surgeon!
Cosmo: ...
Finn: STURGEON! Haha!",,,,,"Finn: I feel I'm a big reason we have so many wet floor signs!

Finn: Something fishy is going on around here.

Finn: Where did I put my fish hooks?","Flutter: ...!
Finn: Flutter! Sure, I could tell you a fish-tastic pun!
Flutter: ...
Finn: What happened to the tilapia that traded its fins for a pair of legs-
Flutter: -!!!
Finn: What? Wow, how'd you already know that punchline!",,"Finn: Do you know what kind of fish gets fan mail?
Gigi: No. tell me Finn what fish gets fan mail.
Finn: A star-fish!.. But do keep in mind starfish aren't actually fish.
Gigi: Wait really???
Finn: Yeah! I'll tell you more after we finish here!",,"Finn: Hey Glisten, do you think I look so-FISH-ticated?
Glisten: Never say that to me again.
Finn: Alright! It’s oh-FISH-ial, no more jokes with you!
Glisten: Someone get me OUT of this elevator!!!
Finn: Oh my COD! Calm down buddy!
Glisten: SOMEONE OPEN THE DOOR TO THIS ELEVATOR PLEAAASE!!!","Goob: Hey Finn! What kind of fish only comes out at night?
Finn: A Starfish!
Goob: ...What do fish take to stay healthy?
Finn: Vitamin Sea!!
Goob: . . .
Finn: You can't beat me at my own game, Goob. Good effort though!",,"Looey: Hey Finn, think you could teach me some puns later?
Finn: Sure! I could school you on fish puns!
Looey: Haha, I get it school, like a group of fish
Finn: Yup! Haha","Finn: Like spinning around and chasing that tail of yours buddy?
Pebble: Bworf???
Finn: Yeah, I feel a little.. GILL-TY for laughing a bit, but you're just too silly!
Pebble: . . .
Finn: Oh, not silly? Serious rock? Giving the cold SHOAL-der now?","Finn: Hey Poppy, I like your positive attitude that you always have!
Poppy: Oh, thank you Finn! I try my best!
Finn: Yeah, you go GILL!
Poppy: YEAH!!","Razzle & Dazzle: Finn! You have to share some of your jokes with us later! (Or maybe don't...)
Finn: Razzle my best buddy!! Maybe I pass the written notes of jokes later?
Razzle & Dazzle: Oh- yes notes instead for Dazzle's sake haha! (Phew...)
Finn: Sounds great! I'll pass by your room later with notes!",,"Rodger: You know Finn, you're far smarter than people give you credit for.
Finn: Huh? Well thanks Rodger! What prompted this little compliment?
Rodger: I remembered back to a fact you shared on marine life.
Finn: Ooo! Which one was it???
Rodger: Well... Octopodes have 3 hearts.
Finn: Yeah! Here's another fact. Octopus actually prefer to crawl rather than swim!",,"Finn: Heya! Catfish got your tongue?
Scraps: Ha ha ha... it's because I'm cat-like isn't it?
Finn: Haha Yeah!
Scraps: You're lucky there is no real fish in your head, I'd be snacking right now!
Finn: GASP! Not my toy Barnaby Wilikers...","Finn: Shelly! Are you a sea shell?
Shelly: Nope, I'm an ammonite!
Finn: That's still a kind of sea shell!
Shelly: Well, yeah technically but I like to think of myself as a fossil more-so!","Shrimpo: I HATE FISH!!
Finn: What about shrimp?
Shrimpo: SHRIMP ARENT FISH. THEY'RE CRUSTACEANS!!
Finn: GASP! You do listen to my facts!
Shrimpo: I HATE YOUR FACTS! I WOULD FORGET THEM IF I COULD!!

Finn: Heya bud! Why so Seal-rious? Haha!
Shrimpo: I HATE SEALS!!! SHRIMPO WINS.
Finn: Well I suppose one could say you're one in a krill-ion!
Shrimpo: WRONG CRUSTACEAN!!! YOU LOSE!!!
Finn: No but the joke is krill and shrimp are both- Ah nevermind.",,"Sprout: Hm... Maybe I can cook some seafood after this...
Finn: ...
Sprout: ...
Finn: Sprout?
Sprout: Finn, I mean this nicely- the fish in your head is a toy plastic fish.
Finn: He is so much more to me!!!","Finn: You know some fish get excited when they get to eat a worm!
Squirm: W-what...?!
Finn: Yeah! Worms get washed into water from the rain, and it's a nice change in diet for fish!
Squirm: Why would you ever tell me this!? THAT'S AWFUL!!!
Finn: Heh, don't worry Squirm! You're much bigger than an actual worm!
Squirm: Snf... I-I guess so...","Finn: Heya Teagan I was wondering, what type of tea do you carry?
Teagan: ...Carry? As in what's in my head?
Finn: Yup!
Teagan: Sweet Tea.
Finn: Ooo! That's why you're so sweet!
Teagan: Haha, You're too kind.

Teagan: Finn, would you like to join my next tea party?
Finn: Nope! No interest! I only drink water.
Teagan: Well... I could simply serve you water instead of tea?
Finn: You can just do that at a tea party???
Teagan: I'm sure no one would mind! Please do consider the invite.","Finn: Heya Tisha have you heard of the-
Tisha: Before you continue, I do not want to play into the fish puns today Finn.
Finn: . . .
Tisha: Finn...?
Finn: WHALE, I guess I'll just SEA myself out-!
Tisha: . . .Ok Finn, ok.","Finn: Heya Toodles, do you have a favorite sea creature?
Toodles: Uhmmm...An octopus!
Finn: Is it because it has eight tentacles? And you're an eight-ball?
Toodles: Uhmmm, uh- Yeah!
Finn: Ah, I SEA, why'd you like them then!","Finn: Heya Vee!
Vee: Five feet apart from me Finn.
Finn: Why? Is it because I smell fishy?
Vee: No, because I rather not short-circuit and need repairs.
Finn: Ah, woopsie! Almost forgot!",
FLUTTER,"Flutter: ...?
Astro: So you got the dream I made for you...?
Flutter: !!!
Astro: Well that's lovely, happy to have helped.
Flutter: ...!
Astro: Haha, I suppose you are right.

Astro: Flutter, do you ever get tired from flying so often...?
Flutter: ...!
Astro: I suppose you are stronger than me then.
Flutter: ...?
Astro: Haha... no I can not fly, I mean your endurance.
Flutter: !!!","Bassie: Flutter! It's so lovely to see you-!!
Flutter: ...!!!
Bassie: Of course I'm alright...! Never better... yup.
Flutter: ...?
Bassie: W-what? Nothing is wrong! C'mon really! Let's just enjoy each other's company.
Flutter: ...","Flutter: ...?
Blot: ... (...)
Flutter: ...!!!
Blot: .oot uoy ,sknahT (Thanks, you too.)

Blot: .rettulF (Flutter.)
Flutter: ...?
Blot: .uoy etaicerppa I (I appreciate you.)
Flutter: ...!!!","Bobette: Flutter! I heard from one of your friends that you wanted some new colorful pens!
Flutter: ...!!!
Bobette: That makes sense, I'm sure your diary has pretty pages still wanting to be filled!
Flutter: ...!
Bobette: Wait... Gigi does the writing? ...I'll make sure there are extra pens.","Boxten: Hey Flutter, how are you holding up?
Flutter: ...!
Boxten: Oh...
Flutter: !!!
Boxten: Ah, yikes, sorry to have asked...

Flutter: !!!
Boxten: It's okay Flutter, I could understand why you're upset.
Flutter: ...
Boxten: Well, I-I mean I can understand a little!
Flutter: . . .
Boxten: Or...not a lot???","Brightney: Heya Flutter! You know what a Lepidoptera is?
Flutter: ..???
Brightney: It's the scientific name of a butterfly!
Flutter: ...!
Brightney: Hehe yeah, I know it's pretty cool!

Flutter: ...
Brightney: Oh? You're interested in my light?
Flutter: ...!
Brightney: Ah I use an incandescent light bulb! Thanks for asking.","Flutter: ...?
Brusha: I didn’t know you were into abstract art!
Flutter: ...!!!
Brusha: Really?! ...Your pallette is so refined!",,,"Connie: Flutter, what are you doing after this?
Flutter: ...!
Connie: Oh, wait really?
Flutter: ...!!!
Connie: Wow, that's a little hardcore, even for me.

Flutter: ...?
Connie: My favorite color is blue.
Flutter: ...??
Connie: No, I mean I like pink! It's just not my favorite.
Flutter: ...
Connie: Oh c'mon don't be like that.","Cosmo: Flutter... I just wanted to say I think you're doing great.
Flutter: ..!
Cosmo: Yeah, I just think you don't hear it enough, that it would cheer you up.
Flutter: ...
Cosmo: Keep it up, alright?
Flutter: !

Flutter: ???
Cosmo: What...? No, I don't think so.
Flutter: ...?
Cosmo: No, we definitely didn't leave any machine incomplete last floor.
Flutter: . . . ?
Cosmo: What does this have to do with the size of my head???",,,,"Flutter: ...!!!
Eggson: Goodness Flutter... you're very energetic today.
Flutter: ...?
Eggson: Me? No I'd rather not.
Flutter: ...!!
Eggson: Flutter, that idea has too many eggs, even for me.","Flutter: ...!
Finn: Flutter! Sure, I could tell you a fish-tastic pun!
Flutter: ...
Finn: What happened to the tilapia that traded its fins for a pair of legs-
Flutter: -!!!
Finn: What? Wow, how'd you already know that punchline!","Flutter: !

Flutter: !!

Flutter: ...

Flutter: ...?","Flutter: ...???
Flyte: Of course I miss you when we're apart, I hope you've been out of trouble without my eye on you.
Flutter: ...!
Flyte: I know, I know... You're grown! But I can't help but worry.
Flutter: !!!
Flyte: Alright, I'll TRY not to worry as much. Just for you!

Flyte: Heya little sis! Ever think about giving those wings a break?
Flutter: !!!
Flyte: Oh don't tell me that, I use my wings plenty!
Flutter: ...?
Flyte: Sure you're a faster flier but that doesn't mean I don't fly enough!
Flutter: ...","Flutter: ...?
Gigi: You're so right, we should get matching hats!
Flutter: ...!
Gigi: WITH GLITTER?!
Flutter: ...!!!
Gigi: AND MATCHING SHIRTS?! This is the best. plan. EVER!!!

Gigi: Heeey Flutter! What's up?
Flutter: ...!
Gigi: Oh whoa really? No way...
Flutter: ...!!!
Gigi: WOAH, ok, ok... I'll help you write that into your diary later.",,"Flutter: ...!
Glisten: Ew, what?
Flutter: !?...!
Glisten: Oh, that's awful! Why would he do that to you?
Flutter: !!!
Glisten: You poor thing, tell me all about it later.","Goob: Flutter are you able to hug with your wings...?
Flutter: ...
Goob: Oh? you can't?
Flutter: ...
Goob: That's okay! I'll hug others on your behalf!",,"Flutter: ...?
Looey: Diary? I-I don't write in a diary!
Flutter: ...!
Looey: ...
Looey: ...
Looey: How'd you know.","Flutter: ...
Pebble: Arf!
Flutter: ...!!!
Pebble: Bark bark!","Flutter: ...?
Poppy: You want to try on my bow?
Flutter: ...!
Poppy: Maybe later Flutter! I have to look my best right now!","Flutter: !!!
Razzle & Dazzle: Woah! Someone is a little upset! (I don't blame her..)
Flutter: ...?
Razzle & Dazzle: We get it Flutter! (Yeah... things have been difficult.)
Flutter: ...
Razzle & Dazzle: But hey we'll support you too! (Mhm...)",,"Flutter: ...
Rodger: Hm? Of course I am doing well Flutter.
Flutter: ...?
Rodger: Haha, you have a proper sense of humour today.
Flutter: ...!",,"Flutter: ???
Scraps: No we're not doing that again.
Flutter: ...?
Scraps: Not even if you say please!
Flutter: ...???
Scraps: Flutter, I'm like scared of heights...","Flutter: …?
Shelly: Oh! Flutter! You're actually interested in the Brachiosaurus skeleton replica??
Flutter: . . . ???
Shelly: Yeah... It's only a replica here in Gardenview.
Flutter: …
Shelly: Oh…. Right, not as interesting, I understand...","Flutter: ...
Shrimpo: HOW DARE YOU SAY THAT!!
Flutter: ...?
Shrimpo: HOW DARE YOU!!!

Shrimpo: I HATE YOUR WINGS!!!
Flutter: ...
Shrimpo: I HATE THE FACT THAT YOU'RE SO LOUD!!!","Soulvester: Flutter, your wings are still doing well I see. How have you been, my sister speaks so highly of you.
Flutter: ...!!!
Soulvester: What.
Flutter: !!
Soulvester: She said all that of me-? I see, well, do not fall for such lies.
Flutter: ..!","Flutter: ...?
Sprout: No, we're not making cookies of your face.
Flutter: ...???
Sprout: You remember what happened last time! Cosmo cried for a whole week.
Flutter: ...
Sprout: Yes Flutter, the gumballs for eyes were that scary- After they melted.

Sprout: Flutter, have you seen Gigi sneaking into the kitchen late at night?
Flutter: ...?
Sprout: Yes, it's about the missing aprons, where does she store them all??
Flutter: !!!
Sprout: It's fine, it's fine- I'll ask someone else about it.","Flutter: ...?
Squirm: I know Flutter... I thought so too...
Flutter: ...???
Squirm: I KNOOOW!!! b-but HE said I'm a book worm and so... I MUST be a book worm!
Flutter: ...!
Squirm: ...Sorry Flutter, m-maybe we can spend some time together after this...","Flutter: ...?
Teagan: You wanted some tea later?
Flutter: ...!
Teagan: Of course Flutter! I'll get to it once I’m free.","Flutter: ...???
Tisha: No there isn't anything in your fur!
Flutter: ...?
Tisha: Of course I'd tell you if there was haha, I do love things clean!","Flutter: ...
Toodles: Flutter, Flutter! I wish I could fly like you!
Flutter: ...?
Toodles: Oh... You're right that could actually be dangerous...
Flutter: ...
Toodles: C'mon I'm sure I'd be super careful though!","Vee: Flutter I know you write about me in your diary.
Flutter: ...?
Vee: Don't act like you don't! Gigi was laughing about it with you in your room!
Flutter: ...!!!
Vee: I overheard her from the hallway! -She has such a specific laugh!
Flutter: ...

Flutter: !!!
Vee: Don't start this with me.
Flutter: !?!?
Vee: It's not my fault you never won in my game-shows!
Flutter: !!!
Vee: No I never knew Scraps would win so many! It's not rigged!",
FLYTE,,"Flyte: Bassie are my wings looking about right-?
Bassie: Huh- Why do you ask? Are you okay-?!
Flyte: Yeah I'm alright! Just don't want to stretch them the wrong way or something.
Bassie: Flyte!!
Flyte: Sorry geez, didn't think you'd get so worried about that.

Bassie: Flyte could you and me spend some time later?
Flyte: Uh sure, doing what though?
Bassie: Maybe pressing flowers...?
Flyte: Oh sure! Of course!
Bassie: Thank you Flyte, you're always so nice.
Flyte: Well I know you love the company!",,,,,"Flyte: Brusha, still painting...?
Brusha: Of course I'm ""still painting"". What sort of question is that meant to be!
Flyte: ...I'm just making conversation, is all.
Brusha: ...ah.
Flyte: If it's no trouble... Would you paint something for me?
Brusha: Hmm... I'll find the time for a request.",,"Flyte: Cocoa, wait up a second!
Cocoa: Oh hi Flyte! What's up?
Flyte: You're always so quick to help everyone. Maybe you should slow down a little.
Cocoa: I mean, I can try to slow down a little bit! Did something happen?
Flyte: I just...don't want you helping the wrong person, y'know? It could be dangerous for you.
Cocoa: Well Flyte, I think everyone deserves a little help!

Cocoa: Hey Flyte! How are you doing?
Flyte: Could be better, I guess. Thanks for checking in though, Cocoa.
Cocoa: Of course! Is there anything I can do to help you feel better?
Flyte: Umm, I don't think even you can help this situation be any better...",,"Cosmo: Flyte, would you have any idea where some of the Easter-themed recipe cards went-?
Flyte: You and Sprout don't have them...? I thought you had copies of those cards.
Cosmo: Well for some of them we do- but- not all of them...
Flyte: Well I'll be honest, I did use some for thematic scrapbooking... So sorry.
Cosmo: Darn, well at least they were used somewhere.",,,,"Flyte: Eggson anything on your mind?
Eggson: Hmmm... Eggs.
Flyte: Anything uhm, other than eggs?
Eggson: Our place within the structure of this somewhat Toon formed community, and by that the social structure of such-
Flyte: I think I'd rather you talk about the eggs...
Eggson: Can do! I could talk about eggs all day!

Eggson: Sigh... I miss the egg hunt!
Flyte: Eggson, we still celebrate with an egg hunt each year.
Eggson: No, no, no... They don't call it an EGG hunt anymore!
Flyte: W-what do you mean?
Eggson: They just call it ""The Hunt""... or something.
Flyte: Eggson, I think you're talking about some sort of dream.",,"Flutter: ...???
Flyte: Of course I miss you when we're apart, I hope you've been out of trouble without my eye on you.
Flutter: ...!
Flyte: I know, I know... You're grown! But I can't help but worry.
Flutter: !!!
Flyte: Alright, I'll TRY not to worry as much. Just for you!

Flyte: Heya little sis! Ever think about giving those wings a break?
Flutter: !!!
Flyte: Oh don't tell me that, I use my wings plenty!
Flutter: ...?
Flyte: Sure you're a faster flier but that doesn't mean I don't fly enough!
Flutter: ...","Flyte: Phew, really have to stretch my wings!

Flyte: Seriously, I might just lay down when we're done here.

Flyte: Wow I'm creating tons of memories. Can't say they’re all great though.",,"Flyte: So you're from the winter season...?
Ginger: Yeah... Uhm- I heard you had a sister?
Flyte: Yeah- She isn't really-
Ginger: A Holiday Toon-? I understand the feeling.
Flyte: Right, well we should uhm, focus...",,,,"Flyte: Any luck in finding another member for your circus group, Looey?
Looey: That depends, Flyte! Would YOU like to join the-
Flyte: No. I'm already part of my own group, thank you though.
Looey: ...Then no, I haven't had any luck finding another circus member to join us.
Flyte: I'm sure you'll find someone eventually!
Looey: I'm not too sure...",,,,,"Flyte: Hey there Rodger, have any luck with your investigations?
Rodger: Not too great, honestly. I haven't been able to make any headway at all...
Flyte: Does that mean you're gonna call it off for now?
Rodger: Of course not! I can't give up just because of a rough patch.
Flyte: I really think you should be careful Rodger, before you find something you don't want to know.
Rodger: ...Thank you for this conversation, Flyte.",,"Scraps: Heya Flyte! Don't get to see you often!
Flyte: Well same can be said about you Scraps.
Scraps: Right, right, but how are you?
Flyte: As good as I could be I guess!
Scraps: Well that's better than the answer Shrimpo usually gives.
Flyte: Pft- I'm sure it is.",,"Flyte: My antenna has an awful itch right now...
Shrimpo: I HATE WHEN YOU COMPLAIN!!
Flyte: Woah, Shrimpo, I am just thinking out loud.
Shrimpo: WELL THINK INSIDE THE LOUD!!!
Flyte: What?
Shrimpo: I HATE YOU!!! I HATE YOU!",,"Flyte: Sprout, I want to thank you on behalf of the other Easter Toons...
Sprout: Huh? For any reason in specific? Not that I'm complaining at all, thank you! Haha.
Flyte: The work you put in to make sure there are desserts and treats for everyone.
Sprout: Well it sure does cheer people up to have a nice sweet treat.
Flyte: Keep up the wonderful work.","Squirm: I-I'm not sure if this is odd to say, but your wings a-are amazing!
Flyte: Why, thank you! -though my sister is far better at flying.
Squirm: ...B-but, you can still fly- right?
Flyte: Yes, even though I'm a tad bit out of practice, I can fly!
Squirm: ...Snf- sniffle- you're sooo amazing... Snf-
Flyte: ...Thank you.

Flyte: Squirm, you're always so kind to me, know that I appreciate it.
Squirm: R-really...? Oh wow... I-I appreciate you!
Flyte: There you are, being so kind again!
Squirm: Haha... yeah...
Flyte: If you continue to be so kind, I might just have to invite you to scrapbooking time.
Squirm: Scrapbooking...? Oh nooo... UHM- I-I mean! Y-yea! Sure! Just us-! And books...",,,,,"Flyte: Cocoa told me you like candy?
Yatta: HUH? WHO? ME!?
Flyte: Yes you.
Yatta: Oh! Yeah she'd be right then! I LOOOVE CANDY!!
Flyte: Seems you love it more than I thought actually... wow.
Yatta: I mean, you can NEVER love candy TOO MUCH!!!"
GIGI,"Astro: Gigi... would you happen to know where some of-
Gigi: Before you continue, I did not steal anything!
Astro: So you don't know where my spare hat went?
Gigi: Oh, wait no, yeah! -I stole that!
Astro: ...I'll need that back.","Gigi: Woah... How much stuff can you carry???
Bassie: Not as much as you I'm sure...
Gigi: Seriously? Do you like- collect anything?
Bassie: ...Sometimes I like to collect pressed flowers.
Gigi: That's it? Psh, girl, we have to get you another collection!
Bassie: O-oh...?","Gigi: Hey Blot, tell me your day in excruciating detail!
Blot: ...gniyas m'I tahw aedi on evah uoy taht wonk I ,igiG (Gigi, I know that you have no idea what I'm saying...)
Gigi: Uhuh... uhuh... than what happened.
Blot: .igiG yfoog er'uoy ...thgirla -tfP (Pft- alright... you're goofy Gigi.)
Gigi: Lovely chat Blot, I'm sure you had the most distinguished responses Mwehehe!",,"Boxten: Huh... My pockets feel lighter for some reason?
Gigi: ...
Boxten: Gigi-?
Gigi: Don't look at me! I'm an innocent bystander!
Boxten: I-I'm not trying to accuse you of anything
Gigi: Yeaaah, that's right! ...I'm like, so innocent.","Gigi: Brightney I think one of my friends sorta wants to hang out with you...
Brightney: Uhuh...? And why can't whoever tell me personally?
Gigi: ...She is like so nervous, she thinks you're too cool!
Brightney: She? Who is she?
Gigi: ...I've for sure said too much.","Gigi: Brusha, I have a whole gallery worth of your artwork.
Brusha: ...How? I've never given you any art pieces.
Gigi: Mweheheh...
Brusha: Oh....Right.",,,"Connie: Hey girl, hey!
Gigi: Heeey wassup?
Connie: Been haunting, and floating, you know the usual!
Gigi: Mwehehe, nice…

Gigi: I wish I could float...
Connie: It's great honestly, I can reach high places.
Gigi: Like, top shelves? I could use something like that.
Connie: Yeah, you'd find nothing cool up high, so don't worry.
Gigi: But think of all the dust I could reach!","Gigi: Pst, Cosmo... It says gullible on the ceiling.
Cosmo: Really! Where?
Gigi: Mwehehe...
Cosmo: ...Oh wait- No... I fell for it.
Gigi: Gigi wins!",,,,"Eggson: I wonder if there's any eggs hidden anywhere...
Gigi: Eggs? Like... Items, hidden, for the finding—FOR THE TAKING??
Eggson: ...I mean, yes, that is what an egg hunt would be, wouldn't it!
Gigi: Eggson why didn't you say so! If there is any lying around I WILL find them!
Eggson: Oh! And you'll share them with me?
Gigi: Woah, woah, who said all that about uhm ""shar-ing""... No.","Finn: Do you know what kind of fish gets fan mail?
Gigi: No. tell me Finn what fish gets fan mail.
Finn: A star-fish!.. But do keep in mind starfish aren't actually fish.
Gigi: Wait really???
Finn: Yeah! I'll tell you more after we finish here!","Gigi: Heeey Flutter! What's up?
Flutter: ...!
Gigi: Oh whoa really? No way...
Flutter: ...!!!
Gigi: WOAH, ok, ok... I'll help you write that into your diary later.

Flutter: ...?
Gigi: You're so right, we should get matching hats!
Flutter: ...!
Gigi: WITH GLITTER?!
Flutter: ...!!!
Gigi: AND MATCHING SHIRTS?! This is the best. plan. EVER!!!",,"Gigi: Hoping for a good souvenir on the next floor!

Gigi: I swear I saw something real shiny last floor.

Gigi: Mewhehe...","Ginger: ...How many things can fit in your head?
Gigi: Uh like... A ga-zillion-billion things!
Ginger: R-really???
Gigi: Heh... nah-- BUT IMAGINE IF I COULD!!","Glisten: Gigi, has Flutter asked you to write in her diary about me?
Gigi: I WOULD NEVER GIVE OUT HER SECRETS!!!
Glisten: Oh goodness she did! Didn't she?!
Gigi: Uh... nuh-uh...
Glisten: You're not exactly a good liar Gigi...","Gigi: Goob, you'd look cool in a sweater.
Goob: Woah! Like yours?
Gigi: For sure! We just gotta find one with SUPER long sleeves.
Goob: Sounds like a fun idea! Let's do it!",,"Gigi: What's it like having a tiny head?
Looey: What.
Gigi: Do you like, feel it ever after you're hit or...
Looey: Gigi, I feel pain!
Gigi: Yeaaah but likeee, do you care when your head is small?
Looey: What are you even saying!?","Gigi: Heeey little guy!
Pebble: Bark bark!
Gigi: You're definitely deserving of a treat after this!
Pebble: Arf!
Gigi: Yeah, that's right, keep up the good work!

Pebble: ARF!
Gigi: Huh? Oh, hi there Pebble. Did you need something?
Pebble: ARF ARF!!
Gigi: What's that? You want ME to ""borrow"" a bone from Gardenview's dinosaur exhibit?
Pebble: Bworf...?
Gigi: Well... if YOU say so! I can't argue with what YOU'RE saying! I guess I will later.","Poppy: Gigi!
Gigi: Poppy!
Poppy: You and me should watch some shows later!
Gigi: Ooo! Alright! I've got like a whole tape collection I could bring over!
Poppy: Yay! Just stop by my room when you wanna hangout!","Gigi: So... do you guys like ever fight?
Razzle & Dazzle: Us? (Of course she is talking to us...)
Gigi: Yeah, you two! I like never see you fight.
Razzle & Dazzle: Easy, because we don't! (It's better to hear each other out...)
Gigi: Yeesh, you guys must have patience!
Razzle & Dazzle: Hehe I try! (We both try...)",,"Gigi: Rodger, be honest with a gachapon..Do you have records on me?
Rodger: Records? I don't fully understand Gigi.
Gigi: Like a written record of everything I've maybe, perhaps, borrowed!
Rodger: You mean that you've stolen?
Gigi: ""Stolen"" is such a strong word! -But yes.
Rodger: Yes, yes I do have that.","Rudie: Oooh GIGI!!!
Gigi: Aw man... Don't say it-
Rudie: IT'S... CHRISTMAS!!!!!
Gigi: Man... come on Rudie, you can't say this EVERY day I see you.
Rudie: I don't understand what you could possibly be talking about!!
Gigi: Honestly... I guess you never will dude.","Scraps: Gigi! Stop, taking, my paints!
Gigi: Mwehehe...
Scraps: Gigi...
Gigi: Mwehehe... I'll do it again.
Scraps: GIGI!!","Gigi: So are you like... a sea shell?
Shelly: Haha no actually, I'm a ammonite!
Gigi: Oh woah! I don't have that in my collection, yet.
Shelly: ...What do you mean yet?
Gigi: Don't worry about it.","Gigi: Lil' Shrimpson, what's up?
Shrimpo: THAT'S NOT MY NAME! I HATE IT! I HATE IT! I HATE IT!!!
Gigi: Uh huh... right, right, uh huh....
Shrimpo: I HATE YOU!
Gigi: Wow that is so interesting mhm... do you ever enjoy things?
Shrimpo: I HATE TO ENJOY THINGS!

Shrimpo: I HATE YOU!
Gigi: I never asked...
Shrimpo: RAHHH BE QUIET!
Gigi: I'd rather not...","Soulvester: Gigi I see you are also here...wonderful.
Gigi: Heh I know sarcasm when I hear it! Come on Soulvester I know you can't handle my energy!
Soulvester: Your ""energy"" is foul.
Gigi: Just because me and Connie think you larping as a knight is dorky doesn't mean we think you're dorky.
Soulvester: I am not defined as ""dorky""...Dorky is not an adjective that describes me.
Gigi: Pft... alright, alright! Mwehehe-","Gigi: Pst, Sprout... It says gullible on the ceiling.
Sprout: ...
Gigi: Oh cmon, not even a glance?
Sprout: Nope, I don't fall for that haha.
Gigi: Psh, alright.

Sprout: So are you, or are you not the one taking the aprons...?
Gigi: Mwehehe... mmmaybe.
Sprout: What would you need aprons for? Please, really, I want to know!
Gigi: Apron corner.
Sprout: What.
Gigi: I have a corner somewhere in Gardenview with MY apron collection.","Gigi: Squirm, you could be  lot of help in one of my super sweet plans.
Squirm: ...I-I could...?
Gigi: For sure! -How many backpacks could you wear... more than two I'm sure.
Squirm: ...Ive never checked how m-many backpacks I could wear.
Gigi: We're gonna have to change that! I'll need the help carrying all the cool stuff we'll get!
Squirm: Like...borrow? ...borrowing right? Not stealing...? Gigi? . . . Gigi?","Teagan: Gigi, I noticed that one of my bags of sugar is missing.
Gigi: It was Yatta, not me! I'm innocent!
Teagan: And what makes you so certain it was Yatta?
Gigi: I watched her take it before I had the chance to grab it myself!
Teagan: ...Right.","Gigi: Tisha, when are we hanging out at my place again?
Tisha: Never again Gigi...
Gigi: Huh. Why is that again?
Tisha: I told you not until you clean up that room a bit, it's a mess in there!
Gigi: NEVER!!! I'll never get rid of all my cool stuff!!","Toodles: Gigi, why were you carrying a big box labeled ""stuff"" or something-
Gigi: What, when did you like... see that, huh?
Toodles: I couldn't sleep well one night! I peeked down the hallway!
Gigi: Oh yeah, I forgot you live on the same floor as me.
Toodles: Uhuh!
Gigi: Forget you saw anything... Mwehehe...!","Gigi: Vee, do you need like... ALL your circuitry?
Vee: I don't like where this is going...
Gigi: Did you or did you not need that all?
Vee: I need all my circuitry, yes.
Gigi: ...Ok, sure, yeah.
Vee: Gigi, stop thinking about it.

Vee: Gigi, you're not planning to keep all the items to yourself right?
Gigi: ...Maybe.
Vee: Gigi... don't just take everything for yourself.
Gigi: Ooo... no promises!
Vee: Gigi!!!",
GINGER,,,,"Ginger: Bobette, is there something on my face...?
Bobette: Your makeup?
Ginger: Huh... well no, I mean... I suppose that counts.
Bobette: I think you did a great job with it!
Ginger: Ah... thank you.

Bobette: Ginger! Its so lovely to have you around!
Ginger: Oh..! Yeah, thank you... Nice to see you as well.
Bobette: Thinking of making some of your sweet treats later?
Ginger: You'd be interested in some...?
Bobette: Of course! That's why I'm asking silly!","Ginger: Your turning key on the back of your head... it's sort of--
Boxten: Moving?
Ginger: Yeah...
Boxten: It moves on its own really...! Spins when I'm really thinking on things.
Ginger: That's kind of neat in a way...!
Boxten: Heh, yeah guess it is!","Ginger: Brightney, I appreciate the help you offer when Christmas comes around, you know- with the lighting.
Brightney: Haha, no need to thank me! Really, I barely do anything when it comes to all those festive lights!
Ginger: But you do...! Bobette tells me so, and I just wanted to let you know... it's appreciated.
Brightney: Aw well, thanks... even if I still think It's not much on my end.",,"Ginger: Coal... have you been helping well with the presents?
Coal: Bworf.
Ginger: Mhm...
Coal: Bork.
Ginger: Such a strong rock, so helpful!

Coal: Bworf!
Ginger: Oh! Uhm... Nice seeing you as well Coal.
Coal: Bwoof.
Ginger: Easy girl... I'll give you a treat later...",,,"Ginger: Cousin Cosmo! So happy to see you!
Cosmo: Hey Ginger, I am happy to have you around...!
Ginger: Yeah... don't get to see you too often haha...
Cosmo: Right, I understand why though, being a Holiday Toon and such.
Ginger: Mhm...! But if you need anything, let me know... truly!",,,,,,,"Flyte: So you're from the winter season...?
Ginger: Yeah... Uhm- I heard you had a sister?
Flyte: Yeah- She isn't really-
Ginger: A Holiday Toon-? I understand the feeling.
Flyte: Right, well we should uhm, focus...","Ginger: ...How many things can fit in your head?
Gigi: Uh like... A ga-zillion-billion things!
Ginger: R-really???
Gigi: Heh... nah-- BUT IMAGINE IF I COULD!!","Ginger: Did I smudge my icing makeup...?

Ginger: Do I smell a scent of cinnamon? Or is it just me?

Ginger: I hope I'll have time to bake after this...",,"Ginger: I heard from someone else that you love cookies...?
Goob: YEAH! I love cookies!
Ginger: Well I baked some, maybe you'd like to give them a try at some point...?
Goob: Oh uh... I dunno! I tried your cookies last year, they don't really taste like the cookies Cosmo makes.
Ginger: Ah- I understand...
Goob: But thank you for thinking of offering!! That's really, really nice of you!!",,,,,,,"Ginger: How's your little investigations going...?
Rodger: Ah, they aren't little investigations! I'm uncovering a big picture.
Ginger: Oh...?
Rodger: Yes, plenty happens outside of the Christmas season when we see you lot most.
Ginger: ...Right, I suppose I just forget sometimes.","Ginger: Feeling festive my friend...?
Rudie: It's all I know! Hehe!
Ginger: Oh... Well when you say it like that it's a tad ominous.

Rudie: Lalalah! I love Christmas!
Ginger: ...Of course, uhm, but it's not really-
Rudie: It is the most festive time of the year!!
Ginger: ...Right.","Ginger: Scraps, have you ever thought of taking your art skills into culinary arts...?
Scraps: Haha, I don't know, maybe I should stick with crafts!
Ginger: Aw come on... I'd love some company in the kitchen to make baked goods.
Scraps: Yeah but I'm sure Sprout and Cosmo are far better help! They'd be far more skilled!
Ginger: It's not about skills, it's about spending time with others you care about- That's part of the Holidays.
Scraps: Right, right... very festive of you! I guess I could put aside some time!",,"Ginger: I'm forgetting if I left icing outside of the fridge...
Shrimpo: SHRIMPO HATES ICING!!!
Ginger: ...Oh, I-i'm sorry...?
Shrimpo: YOU SHOULD BE I HATE YOU!",,"Ginger: Sprout... How are you?
Sprout: Doing Good! Happy to have you around of course.
Ginger: Hehe... yeah, hope your baking has been well, I had some recipes to share.
Sprout: Oh yeah? Sounds like a good time! You'll have to show me the recipes soon.
Ginger: ...Will do!",,,,"Ginger: Does a certain someone want some Christmas cookies...?
Toodles: OH, OH! ME! ME! ME!
Ginger: You'll love them, I made them myself...
Toodles: Wait... you made the cookies? Not Cosmo?
Ginger: Mhm! baked and decorated the cookies myself! I'll give you some after we're finished here.
Toodles: ...Mmm, thaaanks.","Ginger: You know... Sometimes I binge your gameshow episodes...
Vee: Huh? Seriously? Just the gameshow segments in the seasons?
Ginger: Mhm... so much variety, so many outcomes with contestants.
Vee: Glad to know you Holiday Toons have things to keep you busy all year long.
Ginger: ...Right.",
GLISTEN,"Astro: Glisten your dreams have been a concern recently...
Glisten: Huh? OH! HAHA...Let's not talk about that here Astro!
Astro: But-
Glisten: Be so patient Astro! Later, please!
Astro: ...A-alright.","Glisten: Bassie I must say those flowers are just beautiful!
Bassie: Ah, thank you! I do love spring flowers.
Glisten: Any favorites come to mind...?
Bassie: I love tulips, hyacinth, OH! And lily flowers...!
Glisten: Hmm, I've not actually heard of ""hyacinth"" before, I'll have to give them a look!","Glisten: Whenever you make that little... oh hm, what was it you called it-?
Blot: .rJ tolB (Blot Jr.)
Glisten: YES! When you make that, do you think you can make one in MY image next time?
Blot: .oN (No.)
Glisten: Oh... I understand... can't recreate perfection I know I've given too difficult a task!
Blot: .pan ,gnol ,gnol a gnikat m'I ,revo lla si siht retfA (After this is all over, I'm taking a long, long, nap.)

Blot: ...siht fo derit os ydaerla m'I (I'm already so tired of this...)
Glisten: Blot for a mime you seem to make a lot of noise.
Blot: . . . (. . .)
Glisten: Aw come on don't get silent now! I'm going to feel bad-
Blot: ... (...)
Glisten: Blot noo...",,"Glisten: Hm... Boxy, is my makeup smudged?
Boxten: Huh? O-oh uh... no?
Glisten: Thats right, it's always perfect.
Boxten: Then why'd you ask..?
Glisten: I just wanted you to look!

Boxten: Glisten, busy later..? I was hoping we could spend some time.
Glisten: Depends, what time would ""later"" be?
Boxten: I-I don't know, just tonight?
Glisten: Sure, but I pick what's playing on television!
Boxten: Sounds good then!","Glisten: Brightney, what's this about having a book club I've heard...?
Brightney: Me, Astro and Dazzle all read books!
Glisten: -And you didn't invite me?!
Brightney: We did. Several times. You never show up, Glisten.
Glisten: ...Oh yeah! Hahaha, I just like to feel included!","Brusha: I need a better inspiration for my next piece.
Glisten: ...
Brusha: Maybe someone, a muse for my next piece.
Glisten: ...AHEM!
Brusha: Not you.

Glisten: You know, your art isn't bad.
Brusha: I know its not, my art is near perfect.
Glisten: Unlike me, I AM perfect!",,"Glisten: Cocoa, how do I look?
Cocoa: Hmm, you look nice!
Glisten: Well, I mean, do I not look perfect?
Cocoa: Aw Glisten, no one is ever perfect!
Glisten: You must be mistaken! You simply can't handle perfection! You're looking at it.
Cocoa: Hehe, alright, alright. Whatever you say silly!","Connie: Ugh, why don't people include me in conversations?
Glisten: Hm, are you invisible during them?
Connie: ...Haha, oh yeah, I usually am.
Glisten: That will do it.","Glisten: Cosmo those stars on your cheeks are such a lovely bit of makeup!
Cosmo: Glisten, those aren't makeup, Ive always had these.
Glisten: Seriously?
Cosmo: Yeah, they're on all my art around Gardenview!
Glisten: I knew that! How could I not know that! Haha...",,,,,"Finn: Hey Glisten, do you think I look so-FISH-ticated?
Glisten: Never say that to me again.
Finn: Alright! It’s oh-FISH-ial, no more jokes with you!
Glisten: Someone get me OUT of this elevator!!!
Finn: Oh my COD! Calm down buddy!
Glisten: SOMEONE OPEN THE DOOR TO THIS ELEVATOR PLEAAASE!!!","Flutter: ...!
Glisten: Ew, what?
Flutter: !?...!
Glisten: Oh, that's awful! Why would he do that to you?
Flutter: !!!
Glisten: You poor thing, tell me all about it later.",,"Glisten: Gigi, has Flutter asked you to write in her diary about me?
Gigi: I WOULD NEVER GIVE OUT HER SECRETS!!!
Glisten: Oh goodness she did! Didn't she?!
Gigi: Uh... nuh-uh...
Glisten: You're not exactly a good liar Gigi...",,"Glisten: Goodness! I make this whole thing look easy!

Glisten: Hahahaaa! ...I'm fine.

Glisten: I still got it!

Glisten: Nobody's perfect they say... I'm the proof they're wrong!","Glisten: Goob, how does it feel to be so fluffy my friend?
Goob: Feels fluffy!
Glisten: Oh, you're too silly! Too sweet!
Goob: Hehehe- You're sweet too!
Glisten: Ah... I know!",,"Looey: Glisten, are you not a fan of clowns?
Glisten: Oh goodness, wow! What! Me? Not, like, clowns??? ME of all Toons???
Looey: ...Well, do you?
Glisten: ...
Looey: I understand...","Pebble: Grrrr...
Glisten: Hm? What's wrong? Why are you looking at me like that...?
Pebble: BARK BARK!!
Glisten: What did I even do-? Oh, you're looking at your reflection, aren't you...
Pebble: GRRRRR...
Glisten: Yeah, you're looking at your reflection. Of course you are.

Glisten: Well look who it is! Hello Pebble!
Pebble: Bark Bark!
Glisten: Goodness, Poppy was right. You really would look adorable in a pink bow!
Pebble: . . .
Glisten: It's a compliment, trust me.","Poppy: Hey Glisten! How are you doing?
Glisten: I'm doing perfect! You seem happy Poppy.
Poppy: Who said I was happy?
Glisten: ...Are you not happy right now?
Poppy: Nope! Just optimistic!","Razzle & Dazzle: Glisten! I'm so happy you're here friend! (Hey...)
Glisten: Oh if it isn't my favourite duo! We have to hangout sometime!
Razzle & Dazzle: I found some new scripts around the center! (You'll love them...)
Glisten: I'm sure I will, I trust both of your judgements.
Razzle & Dazzle: Ooo I'm excited now! (Thank you Glisten... We can all review them later.)",,"Glisten: ...
Rodger: ...
Glisten: Rodger.
Rodger: Don't say it.
Glisten: It's not my fault I notice the smudges on your glass!
Rodger: I am plenty well-kept!

Rodger: You're keeping safe I hope?
Glisten: Me? Rodger please, I make this look easy.
Rodger: ...I saw you almost walk into a wall.
Glisten: Tch.. you're seeing things.
Rodger: I've got a keen eye, Glisten. Don't forget that.
Glisten: Mhmmm... I'm alright.","Rudie: Merry Christmas!
Glisten: ...Uhm Rudie It's not--
Rudie: ...
Glisten: I mean-- MERRY CHRISTMAS! Hahaha... silly me mhm...!","Glisten: Scraps I really think I should be your next artistic muse!
Scraps: Haha, not happening Glisten.
Glisten: Your loss! What is better than the best topic, ME!
Scraps: I could think of multiple things better...","Shelly: Glisten, how do you do it?
Glisten: Hm? Do what... ?
Shelly: Get everyone to notice you?
Glisten: Aw! I'm so glad you asked me Shelby!
Shelly: My name is Shelly.
Glisten: RIGHT! That was a test! Of memory! Anyways- I'll actually tell you later!","Glisten: You know you could stand to be nicer.
Shrimpo: NO, NEVER, I HATE YOU.
Glisten: Mhm, sure, Shrimpo.

Shrimpo: GLISTEN, YOU'RE UGLY!!!
Glisten: Shrimpo... you know I am a mirror, yes?
Shrimpo: AN UGLY ONE!!!
Glisten: But Shrimpo, I reflect so...
Shrimpo: NO MORE TALKING, YOU'RE DONE TALKING!!!","Soulvester: Hm, your reflecting face is as almost as shining as my armor.
Glisten: Ooo! Armor! I love watching those old tales about the knight saving the princess!
Soulvester: Of course! A classic part one of the many duties a knight bears.
Glisten: Wow, so heroic of you!","Glisten: Ugh.. All this running has me-
Sprout: Exhausted?
Glisten: YES! Of course... I can push through it though!
Sprout: Let me guess... because you're perfect?
Glisten: EXACTLY!! Sprout, look at you! So clever!

Sprout: Glisten, doing alright? No injuries?
Glisten: Sprout, you're sooo clingy! I'm fine, perfect even!
Sprout: ...Is that a little crack on your mirror?
Glisten: OH MY GOODNESS -WHERE!?
Sprout: Right, so you're still doing ""perfect""...
Glisten: Sprout!! Don't tease me like that!","Squirm: I-I can't handle this all! I'M A FAILURE!!
Glisten: Oh come now Squirm, you're not a failure! You're being far too hard on yourself!
Squirm: That's easy for you to s-say... you're perfect at everything...
Glisten: Yes Squirm, yes I am...b-BUT! That doesn't mean you can't be ALMOST as perfect as me!
Squirm: O-okay...snf- sniffle-
Glisten: See! Now try being a bit more like me this next floor, perfect!","Glisten: Teagaaan!!!
Teagan: Oh my, what is it?
Glisten: I love the dress you're wearing.
Teagan: ...Was that all you wanted to say Glisten?
Glisten: Hmmm, yeah about so!","Tisha: Glisten how do you keep your glass so clean?
Glisten: It's simple really! I've got a morning routine.
Tisha: What's the morning routine?
Glisten: ...A secret.
Tisha: You just use a towel don't you?
Glisten: Hush, hush- Let's focus now haha!","Toodles: Hmm... Can you do a makeup for me later?
Glisten: For you? Of course if that's what you'd like!
Toodles: It is!! I really wanna!
Glisten: Then we will, but later! Not now.
Toodles: YES!!! I'm going to have ALL the glitter!

Glisten: Toodles! Hiii buddy! How are you? You better be good!
Toodles: I am good! Even better when you're here!
Glisten: I know... everything is better with me.
Toodles: Yeah! Even when you're doing that thing where you cry and complain to Rodger!
Glisten: ...I think that's enough chatting for now, hahaha-","Vee: You know, you couldn't make a good game show, even if you tried.
Glisten: Goodness Vee! Ouchie, owie, ow! Fighting words are out here right now.
Vee: Yes, if 'fighting' was just the truth.
Glisten: You're right I wouldn't be good... I'd be better, I'd be perfect actually!
Vee: Sure, if you keep dreaming so much you should talk with Astro.

Glisten: Vee!! Hellooo oh bestest closest friend of mine whom I care for deeply!
Vee: ...What is it now?
Glisten: Oh you're no fun.
Vee: Well? Go on.
Glisten: Tch- Ugh... I broke my microphone. I need a spare.
Vee: Just meet me after this.",
GOOB,"Astro: Goob I noticed you've had dreams of chasing your own tail...?
Goob: Yup!
Astro: But, you don't have one...?
Goob: Not in the dream I don't!
Astro: Right...","Goob: Does someone need a big hug!
Bassie: Are you asking me...? Because if so... no thank you...
Goob: Aw, but you look like you could use a hug!
Bassie: I-I do...? How so...
Goob: You seem a little down! Or more so... hmmm, tense?
Bassie: HAHAHAhaha... ha... nooo... Thanks for the offer, though.","Goob: BLOT!! I really like your gloves! Do you think they make gloves that I can wear too??
Blot: ?oN... (...No?)
Goob: Aww... WAIT! Maybe I can make gloves that are super big.
Blot: .taht tuoba eil neve t'nac I .sevolg gib repus fo aedi eht ekil I ,yltsenoH ...huH (Huh... Honestly, I like the idea of super big gloves. I can't even lie about that.)
Goob: I agree with whatever you just said buddy!!",,"Goob: Boxten... Have you ever noticed that both our heads are squares?
Boxten: Huh? W-well I guess you're right!
Goob: Yeah! Mine doesn't have music in it like yours though.
Boxten: Right, well unless you imagine the music!
Goob: Oh yeah! I'm going to think about music right now!

Boxten: Goob! How do you keep such a happy smile most of the time?
Goob: I think of the positives in every situation and challenge we face!
Boxten: Ah, I wish that was easier for someone like me...
Goob: Not everyone can be like me! Or like you! So just be you!
Boxten: ...Thanks-?","Brightney: Hi Goob, how's Scraps doing?
Goob: Heya! Oooh you know! She's doing good!
Brightney: And what about you? How are things?
Goob: Oooh you knoooow! Hehe!
Brightney: Oh come on! I don't know everything!",,,"Goob: Cocoa!
Cocoa: Golly Goob, you're just as energetic as ever!
Goob: Of course! If you're here, everything's gonna be alright!
Cocoa: Aww, thank you Goob! A hundred hugs for you!!
Goob: Not if I give you a hundred hugs first!!","Connie: Do you even know you exist Goob?
Goob: Uhm, Yeah! Mhm! Yeah!
Connie: Do you REALLY know?
Goob: ...Hm, hm... Yeah!
Connie: Alright, just making sure.","Cosmo: Hey Goob! Were you busy later?
Goob: Nope! Not too busy! Something on your mind buddy?
Cosmo: Well I was hoping you could taste test some cookies later!
Goob: I can taste test ALL the cookies!
Cosmo: Oh, you seem excited..?
Goob: You say taste, and cookie, and my name, and I get excited!",,,,,"Goob: Hey Finn! What kind of fish only comes out at night?
Finn: A Starfish!
Goob: ...What do fish take to stay healthy?
Finn: Vitamin Sea!!
Goob: . . .
Finn: You can't beat me at my own game, Goob. Good effort though!","Goob: Flutter are you able to hug with your wings...?
Flutter: ...
Goob: Oh? You can't?
Flutter: ...
Goob: That's okay! I'll hug others on your behalf!",,"Gigi: Goob, you'd look cool in a sweater.
Goob: Woah! Like yours?
Gigi: For sure! We just gotta find one with SUPER long sleeves.
Goob: Sounds like a fun idea! Let's do it!","Ginger: I heard from someone else that you love cookies...?
Goob: YEAH! I love cookies!
Ginger: Well I baked some, maybe you'd like to give them a try at some point...?
Goob: Oh uh... I dunno! I tried your cookies last year, they don't really taste like the cookies Cosmo makes.
Ginger: Ah- I understand...
Goob: But thank you for thinking of offering!! That's really, really nice of you!!","Glisten: Goob, how does it feel to be so fluffy my friend?
Goob: Feels fluffy!
Glisten: Oh, you're too silly! Too sweet!
Goob: Hehehe- You're sweet too!
Glisten: Ah... I know!","Goob: I'm having so much fun!

Goob: I could use a hug right now!

Goob: Running around's got me all tuckered out...",,"Goob: Hey, looking for a hug, Looey?
Looey: Haha... uh maybe not...?
Goob: Oh why?
Looey: Last time you squeezed me a bit too tight!
Goob: Oooh, sorry!","Goob: I don't know why Scraps doesn't like you that much, Pebble.
Pebble: Bworf?
Goob: I mean, just look at you! What isn't there to like? You're adorable!
Pebble: Arf!
Goob: Awwww! If you ever want a hug, you know where to find me!
Pebble: Bark Bark!","Goob: Poppy!
Poppy: Goob!!
Goob: Poppy!!
Poppy: GOOB!!!
Goob: Alright, alright, I can't yell any louder. You win!","Razzle & Dazzle: Heya there Goob! (...)
Goob: Hi Dazzle!!
Razzle & Dazzle: Actually I'm Razzle! (...And I'm Dazzle.)
Goob: Oooh.. wait, then who am I?
Razzle & Dazzle: You're Goob...? (...What)
Goob: OOOH!!! Right, I'm Goob!!",,"Goob: Rodger! Looking for a hug?
Rodger: What? No, not at the moment, though I've found your hugs strategic.
Goob: Strategic? What do you mean?
Rodger: You know! Pulling us fellow Toons from danger! Isn't that the reason you hug others?
Goob: Not really- I just think some Toons need a hug right about now!","Rudie: Happy Holidays!
Goob: It's the Holidays? Wait which one???
Rudie: ...Uhm, pretty sure it's Christmas!!
Goob: Oh! Ok! Won't argue with that!!","Scraps: Hey little bro, nothings giving you trouble right?
Goob: Well... Sorta? The Twisteds are.
Scraps: Well yeah! Obviously haha, but if there's anything else you let me know! Alright?
Goob: Hehe alright! Thanks Scraps.

Goob: Scraps!! You doing okay sis?
Scraps: Yup! Just trying my best, better to have you here with me though!
Goob: I could say the same! I feel safer with you around!
Scraps: That's what a big sister is for!","Shelly: Would you hug a dinosaur?
Goob: I would hug a million dinosaurs!
Shelly: Even the ones with sharp teeth?
Goob: I have sharp teeth too!
Shelly: Oh right! I forgot haha!","Goob: Aw Shrimpo, do you need a hug to turn that frown upside down?
Shrimpo: I HATE HUGS!
Goob: What?
Shrimpo: I HATE HUGS AND I HATE YOU!!!
Goob: Nevermind-..",,"Sprout: Goob, don't your hands hurt dragging on the floor all the time?
Goob: Not at all! I'm used to it!
Sprout: Well, if you ever need a break from all the running around, you can tell me!
Goob: Nuh-uh! I'll be the one helping you!
Sprout: Hmm I don't think so.
Goob: I know so!

Goob: Sprout! You seem a little tense! Need a big hug?
Sprout: Nah... I'm good.
Goob: ...Are you sure?
Sprout: ...
Goob: -After this I can give you the biggest hug!! C'mon!!
Sprout: Hmmm, fine! After this.","Squirm: Snf... sniffle-
Goob: Awww, someone sounds like they need a big hug!
Squirm: Y-yes please-
Goob: Don't you worry! My big sister says I give the best hugs! So you're in luck!!
Squirm: M-me...? lucky...? ...Hehe... I feel better already.","Teagan: Care for some tea after this Goob?
Goob: ...Are you sure? I dropped the cup last time!
Teagan: Don't worry my friend! I've found straws recently.
Goob: Oooo~! That sounds fun! Do the straws bend?
Teagan: Yes.
Goob: YAYY!!!","Goob: Tisha you're so busy all the time!
Tisha: Well I wouldn't be as busy without everyone causing a mess!
Goob: Good thing I don't!
Tisha: Goob, you shed.
Goob: I WHAT!?
Tisha: Uh, nevermind! I didn't say anything- Haha...","Goob: Heya buddy! Are you a little scared?
Toodles: Well... a little!
Goob: That's ok! I'll be here to protect you!!

Toodles: Hmmm... Goob?
Goob: Yeees, Toodles?
Toodles: Why are your teeth scary?
Goob: Scary? ...I don't think they're scary!
Toodles: Well, they're sharp!
Goob: Being a little different isn't scary!","Goob: Vee, what's it like knowing so much?
Vee: Glad you asked, the knowledge and information I have recorded helps in my day to day.
Goob: Oh! Yeah it probably would!
Vee: Yup, I know all that I would need to know.
Goob: Do you even know how to give the best hugs?
Vee: I said everything I would NEED to know Goob.

Vee: Goob, why did you never sign up for my hosted trivia?
Goob: I just wanted to cheer on my big sister!
Vee: Yeah but, wouldn't you want to prove you're smarter than her lucky guesses?
Goob: I don't need to prove that sort of thing to anyone!
Vee: ...Hm, well, If that's what you've decided, can't say I agree.
Goob: I hope you'll be able to understand someday then!","Goob: YATTA!
Yatta: GOOB!
Goob: How are you??
Yatta: I'M GOOD!!! How are you???
Goob: I'M GOOD!!!
Yatta: Let's keep being good!!"
GOURDY,"Gourdy: Mister Novalite...
Astro: Gourdy... if this is a discussion about your dreams again-
Gourdy: No! No! No! It's not promise!! I uh... I just-
Astro: ...Take your time.
Gourdy: Y-yeah well, it was about the dreams but, never mind I guess.
Astro: Well, know that I am always here if you ever need anything...",,,"Gourdy: Christmas Lady!!! I hear, instead of candy... you give TOYS.
Bobette: Yup! Though... you could still have Candy as a gift.
Gourdy: WOAH- So it is true... going door to door trick or treating for toys!!!
Bobette: Oh uhm... you don't go door to door getting a toy.
Gourdy: You... don't? Where does the cool toy come from then???
Bobette: From under a tree of course! Left by friends and faaaammm- uh...Oh wow, look a floor!

Bobette: ...
Gourdy: ...Huh? Why are you staring at me!
Bobette: Huh! Oh... I was? Sorry, I suppose I just didn't think I'd see a halloween uhm-
Gourdy: A Halloween Toon? YEAH WELL- YOU ARE! And I'm like the most awesome-ist Halloween Toon!
Bobette: Well, if you say so! Then that must be true.",,,,,,"Gourdy: Hey Boolyn- I MEAN, Connie...
Connie: Yeah-huh, lil' guy? There is an effort, I mean for sure I am seeing your attempt there!
Gourdy: I meaaan, at least I am trying! Right?
Connie: True, unlike a certain FAKE ""knight""...
Gourdy: Aw cmon Connie, Soulvester is awesome!
Connie: Trust me Gourdy, you're way more awesome than he is, haha-",,,,"Gourdy: Eclipse, what would you pick, a trick!!... or a yummy treat?
Eclipse: Obviously a yummy, yummy treat!! Who would pick a trick??
Gourdy: I would!!! No one ever gives trick a chance, they don't have people saying ""treat or treat"" ever!
Eclipse: I guess you're right, it is ""trick or treat"" NOT ""treat or treat""...
Gourdy: What if I made it ""trick or trick""???
Eclipse: Very spooky and scary of you!! -don't ACTUALLY do it though.

Eclipse: AWOOO!
Gourdy: Eclipse... you're howling... why? -What for?
Eclipse: To get the pack excited for another floor!
Gourdy: Eclipse I don't think howling is gonna get everyone excited... but I mean, the thought counts I guess!
Eclipse: It gets me super excited!! AWOOO!",,,,,,,,,"Gourdy: That wasn't SO scary...

Gourdy: Something spooky is around here...it's me! I'm the spooky!

Gourdy: ...I wonder if the next floor has tons of candy.",,"Gourdy: Pebble! Pebble!!! You're so cute!!
Pebble: Arf!! Arf!!
Gourdy: Who's the bestest boy!! You are! Hehehe
Pebble: Bark! Bark!",,,"Gourdy: Ribecca! Ribecca!!
Ribecca: Yeah little boss man? What’s up-?
Gourdy: Can we draw together!! ...When you’re not so busy of course.
Ribecca: You know I’m never too busy for you. Let me guess you’ll draw tons of spooky stuff?
Gourdy: Yup! -And you’ll draw cool costumes??
Ribecca: Yup, you know me.

Ribecca: Heya kid, you doing alright?
Gourdy: Mhm! What about you? Still got all your bones???
Ribecca: You know if you asked any other Toon that question they would be concerned haha-
Gourdy: Yeah but you're missing your hand.
Ribecca: WAIT WHAT- Oh, wait, I still have both my hands... Pft are you pranking me?
Gourdy: Hehe maaaaybe!!","Rodger: Hello Holloway, how are you doing...? Need any help?
Gourdy: Uhmmm. . ..I'm ok, I'm doing fine really, I guess.
Rodger: Well know that you can always come to me if you need anything, and I mean it!
Gourdy: Mhm! Ok! Yeah! I'll let you know Mister Rodger!",,,"Gourdy: If you think about it- fossils are like skeletons.
Shelly: Well... not all fossils are skeletal remains actually!
Gourdy: Aw, what!
Shelly: It’s not a bad thing though! Variation in data is key to new discoveries!
Gourdy: Alright… if you say so Miss Fossilian.",,"Soulvester: You are being very brave today, my liege.
Gourdy: Why thank you! I am very brave today aren’t I!
Soulvester: Of course, but even those who are brave have others whom they rely on.
Gourdy: Yeah...I get what you’re saying, uhuh...
Soulvester: Heed my words Gourdy, I have your best interests at heart.

Gourdy: Soulvester, are you doing okay??
Soulvester: I should be the one to ask you, my liege.
Gourdy: I keep telling you that isn’t my name silly! I’m Gourdy!
Soulvester: ...Of course, my habits have bested me- Sir Gourdy.
Gourdy: Uhuh, Uhuh, yeah but Gourdy is my first name, not “Sir”! Hehehe-
Soulvester: Haha...Now you are acting alike to a jester. You knew what I meant.","Gourdy: Heya there Mister Seedly!
Sprout: Gourdy please just call me Sprout...
Gourdy: Oh! Right! Heya Sprout! Whatcha' Doing...?
Sprout: Thinking up a new recipe, I'll probably need a taste-tester though...
Gourdy: OH, OH, ME!!! Please, please!
Sprout: Haha- Of course... Pft- Mister Holloway.",,,,"Gourdy: Toodles, what if we pretend you're like a super brave detective, and I'm like a villain.
Toodles: I don't have to pretend I'm a super brave detective! I am one! Hehehe
Gourdy: Nuh-uh you got scared when I pulled out Halloween decorations last year!
Toodles: Shhh!! I'm still super brave! ...Usually
Gourdy: Hehehe ok! Ok!","Gourdy: Vee!! Vee- I have another thing i was hoping you could sign!
Vee: Another autographed item...? Well I can't say no to a fan.
Gourdy: YES,YEAH, WOO! -I mean, ahem... Thank you.
Vee: Right...",
LOOEY,"Looey: Astro, turn that frown upsidedown!
Astro: It's okay Looey I'm feeling fine honestly...
Looey: Aw but you always look so sad!
Astro: ...I do?

Astro: You know... sometimes I have stage fright as well.
Looey: Huh? You're talking to me? I-I don't have stage fright!
Astro: ...
Looey: ...
Astro: Maybe I'm misremembering your dream... nevermind.","Looey: Bassie, you wouldn't happen to know where my spare juggling pins are, would you?
Bassie: No... any reason you're asking me?
Looey: Well... Haha... funny story- I heard you may have helped Gigi hide some things!
Bassie: Oh no, no... that was not a one-time thing! -I'm NOT hiding anything!!
Looey: When you say it like that I sure do trust youuu... yup! Hahahaaa-
Bassie: HahaHAHAha... haha- anyways... ahem... we should focus back to what matter.","Looey: Blot do you know where my juggling pins went?
Blot: !tegrof dna ereht meht evael syawla uoy ,deb ruoy rednU (Under your bed, you always leave them there and forget!)
Looey: Ohhh, Blot you always know where me and Yatta leave stuff!
Blot: !htob uoy no eye doog a peek I (I keep a good eye on you both!)
Looey: Thank you Blot...!

Blot: .retal stca fo gnikniht pleh emos deen I yeooL (Looey I need some help thinking of acts later.)
Looey: Oh yeah I had some ideas, some pantomime stuff for you!
Blot: !taerg eb ll'ti ,si ti revetahw erus m'I ,taerG (Great, I'm sure whatever it is, it'll be great!)
Looey: Yeah! I'm excited about sharing all of that later!",,"Looey: I like your square head!
Boxten: What?
Looey: I like that your head is a square!
Boxten: I mean, thanks?
Looey: No problem!

Boxten: Hey uh Looey? What's it like having a tail?
Looey: Maybe you should ask Yatta! She has four!
Boxten: Yeah but... I'm asking you?
Looey: ...
Boxten: . . .
Looey: I've had my tail stuck in a doorway for hours once.","Looey: Hey Brightney, got any BRIGHT ideas?
Brightney: Looey, this is the fifth time you've made this joke this week.
Looey: Wait, is it?
Brightney: Oh most definitely, I recall it very clearly.
Looey: Yeesh, I've got to write some more material to work with...",,,,"Connie: Ugh it’s like so cold...
Looey: Isn’t it always cold for you?
Connie: Yeah, that doesn’t mean I can’t complain.
Looey: You know what... fair.

Looey: Connie ever thought of joining a circus?
Connie: No interest in joining your little carnival crew.
Looey: Oh cmon! Could be fun!
Connie: Nooope, not wasting my time.
Looey: Womp womp...","Cosmo: Looey, think you could lighten up the mood..?
Looey: Sure can! Ever seen me juggle?
Cosmo: Can't say I have yet!
Looey: ...
Cosmo: ...Well are you going to?
Looey: Oh! Look at the time! The elevator is opening! Gosh, we should prepare!",,,"Eclipse: Woah! Are you like a bunny balloon? Or a dog balloon???
Looey: Huh? Oh! I'm actually neither haha just kinda my own thing, just a balloon!
Eclipse: Awww, I was hoping you'd say dog! I need friends to howl at the moon with.
Looey: You howl at Astro…?
Eclipse: Nah, the real deal, the real moon! Just a lil’ AWOOO! You know.
Looey: Can’t say I know the feeling…",,"Looey: Hey Finn, think you could teach me some puns later?
Finn: Sure! I could school you on fish puns!
Looey: Haha, I get it school, like a group of fish!
Finn: Yup! Haha","Flutter: ...?
Looey: Diary? I-I don't write in a diary!
Flutter: ...!
Looey: ...
Looey: ...
Looey: How'd you know.","Flyte: Any luck in finding another member for your circus group, Looey?
Looey: That depends, Flyte! Would YOU like to join the-
Flyte: No. I'm already part of my own group, thank you though.
Looey: ...Then no, I haven't had any luck finding another circus member to join us.
Flyte: I'm sure you'll find someone eventually!
Looey: I'm not too sure...","Gigi: What's it like having a tiny head?
Looey: What.
Gigi: Do you like, feel it ever after you're hit or...
Looey: Gigi, I feel pain!
Gigi: Yeaaah but likeee, do you care when your head is small?
Looey: What are you even saying!?",,"Looey: Glisten, are you not a fan of clowns?
Glisten: Oh goodness, wow! What! Me? Not, like, clowns??? ME of all Toons???
Looey: ...Well, do you?
Glisten: ...
Looey: I understand...","Goob: Hey, looking for a hug, Looey?
Looey: Haha... uh maybe not...?
Goob: Oh why?
Looey: Last time you squeezed me a bit too tight!
Goob: Oooh, sorry!",,"Looey: Haha, happy to be alive!

Looey: I'm actually so excited!

Looey: This will be remembered as my best act yet!","Pebble: Bark!
Looey: Haha, yeah? You're a sweet pet rock!
Pebble: Arf Arf!
Looey: Don't worry I'll pet you later!
Pebble: Bworf.","Poppy: Pop.
Looey: Pop, pop.
Poppy: Pop!
Looey: Poppity, pop, pop.
Poppy: Hehehe… pop.

Looey: Do you ever fear thumbtacks?
Poppy: Oh, all the time!
Looey: Shrimpo keeps trying to put them in my room.
Poppy: That’s a waste of thumbtacks.
Looey: That’s what I’m thinking.","Razzle & Dazzle: Hey Looey think we could be part of your next act? (...If its okay.)
Looey: Hmm, I'd have to ask the rest of the circus troupe!
Razzle & Dazzle: Ah right, that makes sense! (...Yeah.)
Looey: I'll get back to you both on that!",,"Looey: Hey Rodger, if I had something bothering me you could look into it right?
Rodger: Well that's dependent on what has you bothered!
Looey: ...
Rodger: Looey?
Looey: Ah, never mind! HAha, I'm just overthinking something!
Rodger: Well, I'm here if you need me.","Rudie: Looey! Isn't it funny how I have a red nose, and... I'M NOT EVEN A CLOWN! Hahaha!
Looey: Hahaha, yeah, yeah... THAT'S funny!
Rudie: Yup! My red nose has that christmas festive glow to it!
Looey: That's good for you Rudie... I'm happy for you!
Rudie: Of course you'd be! Why would anyone be unhappy ON CHRISTMAS!!!","Scraps: Hey, I think your tail's wagging.
Looey: It does that, how about you?
Scraps: Yeah, sometimes, when I'm mad though.
Looey: Right, mine does so when I'm happy!
Scraps: Good talk.
Looey: Yup! Good talk!","Looey: Hmm, I should put together an act for later!
Shelly: Ooo! Could I come watch?
Looey: Huh? Oh er... Yeah! Sure! Didn't see you there haha!
Shelly: I get that a lot... hahaha...","Looey: Heya Shrimpo! How are you feeling buddy?
Shrimpo: IF I HAD A SHARP PIN I WOULD POP YOU!!!
Looey: ...
Shrimpo: I WILL PUT THUMBTACKS IN YOUR ROOM.
Looey: I'll check up on you later, then...",,"Looey: Sprout, are you sure you have to take care of everyone's health?
Sprout: Looey, if I think you need some extra care, that's my call, we're a team!
Looey: ...I know but, I'd hate to waste your-
Sprout: Looey, you're never a waste of anything.
Looey: Sorry!! Never mind!! Pretend I didn't say anything!! HAHAHAha AHem-

Sprout: Maybe I should start keeping a list of every Toon's favorite flavor of cupcake.
Looey: Gee Sprout, that's a pretty kind thought, how many flavors are there?
Sprout: Well there's milk chocolate, vanilla, dark chocolate, lemon, white chocolate, red velvet-
Looey: Strawberry?
Sprout: Oh! Yeah, I was going to get to that one haha!","Squirm: I-I'm so nervous... what if the elevator just decided to fall!! THEN WHAT
Looey: . . .
Squirm: WHAT IF!?- Oh no, oh no, ooooh NO-!!
Looey: Squirm... I think you're overthinking things- just a bit!
Squirm: B-But...
Looey: Don't continue- You ever hear a clown panic? ...It's NOT as funny as you'd think","Looey: Hey Teagan, I think your tea parties could use some entertainment!
Teagan: I believe my tea parties are entertaining enough Looey, but thank you for the offer.
Looey: But there aren't any clowns! Or acrobats! Or mimes!
Teagan: My tea parties don't need a circus troupe to be entertaining.
Looey: If you say so, but the offer is still on the table if you change your mind!","Tisha: Looey please tell Yatta to clean her room.
Looey: Why don't you tell her...?
Tisha: Well she listens to you more than me.
Looey: Ah, well, I'm not getting involved in this one.
Tisha: Oh come on!
Looey: Nope! This is between you both, subtract the Looey in your math!","Toodles: Hehehe...hehe!
Looey: Hahaha... I haven't even told a joke yet!
Toodles: You don't need to! Hehehe-
Looey: Ah, and why is that my little friend?
Toodles: You already look silly!!
Looey: Oh. . . Aha... HahaHAHA-!","Vee: Still doing those circus acts?
Looey: Yup! You wanna come see one?
Vee: No.
Looey: Ahaha... ah.
Vee: I'm a bit too busy... maybe another time.
Looey: Oh, right, of course!","Looey: Oooh Yatta, you're doing so much better then me!
Yatta: Looey, stop, you're doing PERFECT!!!
Looey: Haha, Nooo, no, you're much better then me-
Yatta: TAKE, THE, COMPLIMENT!!!
Looey: OH! Right haha, right, taking compliments! Can do!"
PEBBLE,"Pebble: Bark bark!
Astro: I know, I'm happy to see you too, Pebble…
Pebble: Bwoof!!
Astro: Heh...

Astro: Pebble, hello... What a good pet rock.
Pebble: Arf Arf!!
Astro: Oh you're excited to see me... How's Dandy?
Pebble: (Whine whine)
Astro: ..I know buddy. I'm worried about him too.","Bassie: Mh... why are you looking at me like that!
Pebble: Bworf...?
Bassie: S-sorry... You probably don't mean too.
Pebble: Arf arf!
Bassie: I'm glad I never had a pet, feels like a lot of work...
Pebble: Grrr Bark!!","Pebble: ARF! BARK!
Blot: .tsael ta ""tis"" naht rehto ,llew ...skcirt yna od nac uoy fi rednoW (Wonder if you can do any tricks... well, other than ""sit"" at least.)
Pebble: Bworf...?
Blot: .attaY ekil tsuj ,tluasremos a otni pilfkcab a od elbbeP no oG (Go on Pebble do a backflip into a somersault, just like Yatta.)
Pebble: Arf???
Blot: .huh dnatsrednu t'nod uoy esoppus I... (...I suppose you don't understand huh.)","Bobette: Aw so cute...!
Pebble: Bark! Arf!
Bobette: You remind me of Coal when I first got her, so tiny!
Pebble: Bark.
Bobette: --I mean! So very big and strong!","Pebble: Arf Arf!!
Boxten: Uhm...  that's a good rock?
Pebble: Bwoof!!

Boxten: I wonder what it'd be like to have my own pet...
Pebble: Grrr...
Boxten: On second thought, maybe it's too much responsibility.","Brightney: You know, I'm not even sure what kind of rock you are!
Pebble: Bark bark!
Brightney: Igneous, Sedimentary, maybe Metamorphic?
Pebble: Arf!
Brightney: You sure are one cute little mystery.",,"Coal: Bworf.
Pebble: Arf
Coal: Bwoof.
Pebble: Woof!
Coal: Bworf, bork... bwoof bwoof.
Pebble: ...Arf!","Cocoa: PEBBLE!! You look soooo CUTE!!!
Pebble: Bark Bark!!
Cocoa: Awww, who's a happy little pet rock! You are!!
Pebble: Arf!!
Cocoa: Hehehe! Soooo sweet! Just like my Bonbons!
Pebble: Bark!!","Pebble: Grr....
Connie: Don't give me that, I already promised I wouldn't sneak into his room again.
Pebble: GRRR... BARK! BARK!!
Connie: OK, I get it! Sheesh, it's like Dandy takes really good care of you or something...

Connie: I could be haunting right now, but instead I'm stuck in this elevator.
Pebble: Arf!
Connie: Oh...and Pebbles here too, I guess...?
Pebble: Arf Arf!
Connie: Do you even know what's going on, or do you just enjoy doing this all of the time?
Pebble: ...Bworf.","Cosmo: Sprout said to stop giving you pet treats.
Pebble: Bwork?
Cosmo: ...Yeah, sorry buddy. Apparently one everyday isn't good for you.
Pebble: Grrr… BARK!
Cosmo: Hey, hey! Be a nice rock.",,,,,"Finn: Like spinning around and chasing that tail of yours buddy?
Pebble: Bworf???
Finn: Yeah, I feel a little.. GILL-TY for laughing a bit, but you're just too silly!
Pebble: . . .
Finn: Oh, not silly? Serious rock? Giving the cold SHOAL-der now?","Flutter: ...
Pebble: Arf!
Flutter: ...!!!
Pebble: Bark bark!",,"Gigi: Heeey little guy!
Pebble: Bark bark!
Gigi: You're definitely deserving of a treat after this!
Pebble: Arf!
Gigi: Yeah that's right, keep up the good work!

Pebble: ARF!
Gigi: Huh? Oh, hi there Pebble. Did you need something?
Pebble: ARF ARF!!
Gigi: What's that? You want ME to ""borrow"" a bone from Gardenview's dinosaur exhibit?
Pebble: Bworf...?
Gigi: Well... if YOU say so! I can't argue with what YOU'RE saying! I guess I will later.",,"Pebble: Grrrr...
Glisten: Hm? What's wrong? Why are you looking at me like that...?
Pebble: BARK BARK!!
Glisten: What did I even do-? Oh, you're looking at your reflection, aren't you...
Pebble: GRRRRR...
Glisten: Yeah, you're looking at your reflection. Of course you are.

Glisten: Well look who it is! Hello Pebble!
Pebble: Bark Bark!
Glisten: Goodness, Poppy was right. You really would look adorable in a pink bow!
Pebble: . . .
Glisten: It's a compliment, trust me.","Goob: I don't know why Scraps doesn't like you that much, Pebble.
Pebble: Bworf?
Goob: I mean, just look at you! What isn't there to like? You're adorable!
Pebble: Arf!
Goob: Awwww! If you ever want a hug, you know where to find me!
Pebble: Bark Bark!","Gourdy: Pebble! Pebble!!! You're so cute!!
Pebble: Arf!! Arf!!
Gourdy: Who's the bestest boy!! You are! Hehehe
Pebble: Bark! Bark!","Pebble: Bark!
Looey: Haha, yeah? You're a sweet pet rock!
Pebble: Arf Arf!
Looey: Don't worry I'll pet you later!
Pebble: Bworf.","Pebble: Bark Bark!

Pebble: Bark! Arf!

Pebble: Woof! Bark!

Pebble: (Sniffing)","Pebble: Bark! Arf!
Poppy: Aww!! What a cute rock!! You'd look cuter with a big pink bow!
Pebble: Bworf..?","Pebble: Bark! Bark!
Razzle & Dazzle: Aww how cute!! A little pet rock! (More like terrifying...)
Pebble: Arf!
Razzle & Dazzle: Seems sweet to me! (Agree to disagree...)

Razzle & Dazzle: Aw look Dazzle!! A pet rock! (I'd rather close my eyes...)
Pebble: Arf! Arf!
Razzle & Dazzle: So sweet!!! (Please don't let it get any closer...)
Pebble: Bark!","Ribecca: Aw Pebble, don't stare at me man...
Pebble: ...Arf.
Ribecca: Pebble, no, bad rock- no staring!
Pebble: ...
Ribecca: Eugh... Dandy needs to not leave us in the same elevator.","Pebble: Woof! Bark!
Rodger: I see, a small stone... Without a leash?
Pebble: Grrr...
Rodger: Right, right, no leash necessary! Understood!",,"Pebble: Grr...
Scraps: Really? You don't want to go there, buddy…
Pebble: BARK! BARK!
Scraps: HISSss…

Scraps: I don't mind Dandy, just wish he didn't let his pet rock in the elevator.
Pebble: Grr...
Scraps: That's exactly why.","Pebble: Arf!
Shelly: Nope! I don’t have any bones for you buddy!
Pebble: ...Bworf.
Shelly: No… Fossils are not for pet rocks to chew on.
Pebble: Grrr...
Shelly: I'm telling Dandy.

Shelly: Hey Pebble, you’re good at sniffing out stuff, right?
Pebble: Bark arf!
Shelly: I might need some help finding a lost fossil to add to my collection.
Pebble: …Bworf.
Shelly: You... you buried it..? Let's talk about this later..","Pebble: Arf!
Shrimpo: I HATE LOUD NOISES!!
Pebble: BARK!!!
Shrimpo: ONLY I CAN BE LOUD!!!
Pebble: ...Woof.
Shrimpo: I HATE QUIET NOISES, TOO!!",,"Pebble: Bark! Bark!
Sprout: No, I don’t have any treats for you.
Pebble: ...
Sprout: ... Pebble?
Pebble: ...
Sprout: ... I really gotta tell Dandy about your staring problem.

Sprout: You're a good pet rock when you want to be Pebble, you going to be good this next floor?
Pebble: Bworf.
Sprout: Yeah?
Pebble: ...Bwoarf.
Sprout: ...Alright.","Squirm: I thought about having a pet of my own once... I-I read on it some.
Pebble: Bark? Bark!
Squirm: I-I couldn't finish reading the book though, snf- sniffle- on account of- of-
Pebble: Bark! Arf!
Squirm: Snf… sniffle- sorry Pebble- I-I won't cry...","Teagan: Goodness... what's the rock doing here?
Pebble: Grrr...
Teagan: Such terrible manners! Didn't Dandicus ever teach you good manners?
Pebble: Arf! Bark bark!
Teagan: ...I suppose not.","Pebble: Bark ARF!
Tisha: I'm honestly surprised you're not sitting with Dandy in his shop.
Pebble: ARF!! BARK!!
Tisha: Mostly with how much I've seen him pamper you all the time-
Pebble: Grr...
Tisha: Ah! Right! Sorry! I'm sure you want to help out! Right! Nice pet rock!","Pebble: Arf!
Toodles: You're such a cute rock!
Pebble: Bworf?
Toodles: D'aawwww!!

Pebble: ...
Toodles: Pebble, why are you staring at me like that?
Pebble: . . .
Toodles: Uhh... Okay puppy.","Pebble: Arf!
Vee: Pebble, ugh, I don't have time.
Pebble: ...
Vee: Fine! Fine, I'll play fetch with you later! Happy?!
Pebble: Bwoof!

Vee: Pebble.
Pebble: Bwoof!
Vee: No, really?
Pebble: Arf!
Vee: Tell me about that later, that's actually so interesting.","Yatta: Hey Pebble, do YOU want some CANDY?
Pebble: ARF! ARF!!
Yatta: WAIT, didn't Dandy say you can't have ANY candy?
Pebble: Grrr...
Yatta: OK, ok. Maybe just ONE piece.
Pebble: ARF!!"
POPPY,"Astro: Poppy... how many bottles of soda do you usually drink?
Poppy: Not enough to be honest!
Astro: I don't know about that, I'm certain you're losing sleep...
Poppy: Losing sleep OR, gaining hours in the day!!!
Astro: ...",,"Poppy: Aw I think I might have a little stain on my dress!
Blot: ...eeeem ta revo yaw siht kool ydobon ,em ta kool t'noD- (-Don't look at me, nobody look this way over at meeee...)
Poppy: What was that Blot?
Blot: .gnihtoN (Nothing.)",,"Poppy: Hi Boxten!
Boxten: H-hi Poppy...
Poppy: I SAID HI BOXTEN!!!
Boxten: Poppy are you okay...
Poppy: Haha, I'm okay enough!

Boxten: I feel like we could have done better last floor...
Poppy: Oooh don't worry too much about it Boxten! You worry WAAAAAAY too much!
Boxten: What? You think I worry too much?
Poppy: See that's what I mean! You're worrying again!
Boxten: Wow...","Poppy: Heya Brightney!! Loving your lampshade!!
Brightney: Thanks! It's the same one I have every day actually...
Poppy: Nooo really? I swear your lampshade was pink last time I saw you!
Brightney: Nope! Always been red haha!

Brightney: Hi Poppy! How are things going?
Poppy: Things are going!
Brightney: Just going?
Poppy: Just going!
Brightney: Oooh Poppy.",,"Coal: Bwoof!
Poppy: Oooh so cute! What a good girl!
Coal: Bworf bork.
Poppy: Sometimes I wish if I should get a pet rock!
Coal: ...",,"Poppy: Connie, it's super cool that you can go invisible!!
Connie: I mean, it's pretty cool sure, sometimes even entertaining!
Poppy: Oh yeah? Entertaining in like, what way???
Connie: Psh... I mean I can spy on people without them knowing, learn their juicy secrets.
Poppy: ...
Connie: . . .","Poppy: Hey Cosmo, could you bake some cookies with my face on them?
Cosmo: Oh sure! What kind of toppings should we put on the cookies?
Poppy: Hmm…Maybe we could use gumballs for the eyes, and-
Cosmo: Never again.
Poppy: Are you sure? I’m sure they’d look great!
Cosmo: Never. Again.",,,,,"Finn: Hey Poppy, I like your positive attitude that you always have!
Poppy: Oh, thank you Finn! I try my best!
Finn: Yeah, you go GILL!
Poppy: YEAH!!","Flutter: ...?
Poppy: You want to try on my bow?
Flutter: ...!
Poppy: Maybe later Flutter! I have to look my best right now!",,"Poppy: Gigi!
Gigi: Poppy!
Poppy: You and me should watch some shows together!
Gigi: Ooo! Alright! I've got like a whole tape collection I could bring over!
Poppy: Yay! Just stop by my room when you wanna hangout!",,"Poppy: Hey Glisten! How are you doing?
Glisten: I'm doing perfect! You seem happy Poppy.
Poppy: Who said I was happy?
Glisten: ...Are you not happy right now?
Poppy: Nope! Just optimistic!","Goob: Poppy!
Poppy: Goob!!
Goob: Poppy!!
Poppy: GOOB!!!
Goob: Okay okay, I can't yell much louder, you win!",,"Poppy: Pop.
Looey: Pop, pop.
Poppy: Pop!
Looey: Poppity, pop, pop.
Poppy: Hehehe… pop.

Looey: Do you ever fear thumbtacks?
Poppy: Oh, all the time!
Looey: Shrimpo keeps trying to put them in my room.
Poppy: That’s a waste of thumbtacks.
Looey: That’s what I’m thinking.","Pebble: Bark! Arf!
Poppy: Aww!! What a cute rock!! You'd look cuter with a big pink bow!
Pebble: Bworf..?","Poppy: Alright, what's next?

Poppy: Let's go Poppy!

Poppy: Yippee!","Razzle & Dazzle: Hey there Poppy! Could I ask you something? (…)
Poppy: Hi Razzle & Dazzle! What did you wanna ask me?
Razzle & Dazzle: Would you like to come to our rehearsal later? (If you want...)
Poppy: Oh, what kind of play are you two rehearsing?
Razzle & Dazzle: It’s a comedy play, with a mix of...! (Drama…)
Poppy: Ooh, sounds interesting!",,"Poppy: Rodger!! Have you ever thought about changing your style?
Rodger: Excuse me?- Well, actually... I have thought of getting a monocle.
Poppy: Oh yeah! Then you'd look even fancier!
Rodger: Hm... I suppose I would look spiffy!","Rudie: Poppy! Poppy! Poppy! IT'S CHRISTMAS!!!
Poppy: Huh?? NO WAY!
Rudie: Yes way.
Poppy: Woah. That's crazy, I had no idea Rudie! Mostly since you say this every time I see you!","Poppy: Heya Scraps!! Your claws are looking really shiny!
Scraps: Huh really?
Poppy: We should paint them some time after this!
Scraps: Ooo I do like the sound of that! Hehe sure!","Poppy: I had one of the best dreams last night!
Shelly: Really? What was the dream about!
Poppy: …
Shelly: Poppy..?
Poppy: Huh? OH! Sorry I didn't hear you!
Shelly: Nevermind… it's okay, really…","Shrimpo: I HATE YOUR BOW!!!
Poppy: Well, I like it!
Shrimpo: WHO ASKED?!",,"Poppy: SPROUT!!
Sprout: Poppy??? -Are you okay?
Poppy: Yep! The big question is... are you okay!
Sprout: Phew, yeah... Don't scare me like that though.
Poppy: I'm sorry, it WILL happen again! Hehe!","Poppy: Heya Squirm! I had a question! Do books have unique flavors?
Squirm: W-what...? Why are you asking...???
Poppy: I have to know! What if you have a favorite flavor of book? And I just had no idea!
Squirm: What would even be a flavor...? The genre of book...? The type of cover? The page count???
Poppy: Good point! But you're the one who would have that answer!
Squirm: I-I don't like this question! M-maybe ask Brightney, she's has answers to things...","Poppy: Heya Teagan! When's the next Tea party planned?
Teagan: I'm not sure yet, but I can always make time for one if you'd like!
Poppy: Yay!! Do you remember my favorite tea??
Teagan: Of course, Bubble Tea for you!
Poppy: OMG... you do remember.","Tisha: Poppy, how good are you at cleaning?
Poppy: I'm not the greatest, why do you ask?
Tisha: Well, bubbles are usually made out of soap!
Poppy: OOOH, and soap is clean!
Tisha: Exactly!
Poppy: Cool! I'm still not good at cleaning, though!","Poppy: Hey Toodles, what's up?
Toodles: Not this elevator, that's for sure!
Poppy: Ooh, you're right! We're going down.
Toodles: Yeah, I'm super brave though! Count on me alright?
Poppy: Hehe alright!","Vee: Hey Poppy! You are our lucky winner today!
Poppy: Yippee! What do I win?
Vee: A brand new car!
Poppy: Oh my goodness! Really!?!
Vee: No, Poppy, does it look like we can have a car here?
Poppy: Oh yeah! I don't even know how to drive!",
RAZZLE & DAZZLE,"Razzle & Dazzle: Astro! (Astro... nice to have you here.)
Astro: Of course, nice having you twos' company...
Razzle & Dazzle: Hehe Thanks! (We should spend time after we all finish here...)
Astro: That would be nice, I don't have much else to do.
Razzle & Dazzle: Perfect! (Mhm excited...)

Astro: How have you two been...?
Razzle & Dazzle: Hehe! I'm doing just amazing! (It's been alright, it's nice to have you here.)
Astro: Dazzle, have you been enjoying that astronomy book I gave you?
Razzle & Dazzle: I can't get him to put it down! (...The pictures are lovely.)
Astro: Heh, I'll have to tell you more about it sometime later...",,"Razzle & Dazzle: Blot hey friend! (I hope you're not so tired Blot, with all the miming...)
Blot: !si yllausu ortsA sa derit sa toN... !yeH (Hey! ...Not as tired as Astro usually is!)
Razzle & Dazzle: Huh? What? (Hm... oh! Haha... I think I understood some.)
Blot: .ti steg yug sihT !yA (Ay! This guy gets it.)

Blot: .no sreyal eerht tup I raews I ?sevolg eseht hguorht gnipaes kni sI (Is ink seaping through these gloves? I swear I put three layers on.)
Razzle & Dazzle: Hm? (...Blot did I hear that right? Do you wear three pairs of gloves at once...?)
Blot: .gnileef ddo na s'tahT .erom em dnatsrednu ot gnitrats er'uoy ,haoW (Woah, you're starting to understand me more. That's an odd feeling.)
Razzle & Dazzle: You really have to tell me what he's saying. (...Uhm I didn't get that one really.)
Blot: .sevolg fo sriap eerht reaw I (I waer three pairs of gloves.)
Razzle & Dazzle: How about that? (...Oh! He wears three pairs of gloves...)",,"Boxten: The two of you have been helping finish the machines on each floor, right?
Razzle & Dazzle: Uh- Hehe, sorta! (I do the extracting much faster than him.)
Boxten: Well as long as you're both trying your best.
Razzle & Dazzle: Of course! Always trying my best! (I wish my best was enough...)
Boxten: Erm... You're doing great Dazzle.","Brightney: Hey last book club was the fastest you've ever fallen asleep.
Razzle & Dazzle: Going for a new record! (Razzle...Don't be proud of that.)
Brightney: Hm I don’t know Dazzle, they may have taken the record from Astro!
Razzle & Dazzle: Fastest sleeper award! (...I'm sure Astro still holds that title.)
Brightney: I'll have to bring a timer to the next book club session I suppose.

Razzle & Dazzle: Dazzle are you a little nervous? (...Why do you ask?)
Brightney: Razzle usually can just tell when it comes to you- and so can I!
Razzle & Dazzle: Yeah, you’ve got a little shake to your wrist. (...Sorry.)
Brightney: Nothing to be sorry on, completely normal to get a bit nervous here!
Razzle & Dazzle: We’ll get through this! (...Mhm, I appreciate you both, truly.)",,"Coal: Grrrr...
Razzle & Dazzle: Awww! Big friend!!! (...She's growling, Razzle- she's growling- RAZZLE!)
Coal: BARK BARK!!
Razzle & Dazzle: Woah woah, haha...It's ok Dazzle. I'm here! (...Sorry, I-I'm not great with animals.)
Coal: ...
Razzle & Dazzle: See! She's calm now, and no need to be sorry! (...O-ok)",,"Connie: You two up to anything recently?
Razzle & Dazzle: The usual! (...I was hoping we'd read later.)
Connie: Yeah...? I don't do that whole reading thing.
Razzle & Dazzle: Wait, you don't read at all? (What about signs, or instructions?)
Connie: Meh, I don't abide by the rules!","Cosmo: Do you both want to help in the kitchen later?
Razzle & Dazzle: Depends, got a sweet treat? (...We'd help you even without the dessert.)
Cosmo: I'm sure I can find the time to get you both something!
Razzle & Dazzle: YES!!! (...Oh, thank you Cosmo.)
Cosmo: Of course!",,,,"Eggson: Well hey there, Razzle and Dazzle! Have you two read any good books lately?
Razzle & Dazzle: Hi there, Eggson! (We've read quite a few books recently...)
Eggson: Ohoho! Would you like to trade stories sometime? I'd love to hear what you've read!
Razzle & Dazzle: Sure thing! (Just let us know when...)","Razzle & Dazzle: Finn! You have to share some of your jokes with us later! (Or maybe don't...)
Finn: Razzle my best buddy!! Maybe I pass the written notes of jokes later?
Razzle & Dazzle: Oh- yes notes instead for Dazzle's sake haha! (Phew...)
Finn: Sounds great! I'll pass by your room later with notes!","Flutter: !!!
Razzle & Dazzle: Woah! Someone is a little upset! (I don't blame her..)
Flutter: ...?
Razzle & Dazzle: We get it Flutter! (Yeah... things have been difficult.)
Flutter: ...
Razzle & Dazzle: But hey we'll support you too! (Mhm...)",,"Gigi: So... do you guys like ever fight?
Razzle & Dazzle: Us? (Of course she is talking to us...)
Gigi: Yeah, you two! I like never see you fight.
Razzle & Dazzle: Easy, because we don't! (It's better to hear each other out...)
Gigi: Yeesh, you guys must have patience!
Razzle & Dazzle: Hehe I try! (We both try...)",,"Razzle & Dazzle: Glisten! I'm so happy you're here friend! (Hey...)
Glisten: Oh if it isn't my favourite duo! We have to hangout sometime!
Razzle & Dazzle: I found some new scripts around the center! (You'll love them...)
Glisten: I'm sure I will, I trust both of your judgements.
Razzle & Dazzle: Ooo I'm excited now! (Thank you Glisten... We can all review them later.)","Razzle & Dazzle: Heya there Goob! (...)
Goob: Hi Dazzle!!
Razzle & Dazzle: Actually I'm Razzle! (...And I'm Dazzle.)
Goob: Oooh.. wait, then who am I?
Razzle & Dazzle: You're Goob...? (...What)
Goob: OOOH!!! Right, I'm Goob!!",,"Razzle & Dazzle: Hey Looey think we could be part of your next act? (...If its okay.)
Looey: Hmm, I'd have to ask the rest of the circus troupe!
Razzle & Dazzle: Ah right, that makes sense! (...Yeah.)
Looey: I'll get back to you both on that!","Razzle & Dazzle: Aw look Dazzle!! A pet rock! (I'd rather close my eyes...)
Pebble: Arf! Arf!
Razzle & Dazzle: So sweet!!! (Please don't let it get any closer...)
Pebble: Bark!

Pebble: Bark! Bark!
Razzle & Dazzle: Aww how cute!! A little pet rock! (More like terrifying...)
Pebble: Arf!
Razzle & Dazzle: Seems sweet to me! (Agree to disagree...)","Razzle & Dazzle: Hey there Poppy! Could I ask you something? (…)
Poppy: Hi Razzle & Dazzle! What did you wanna ask me?
Razzle & Dazzle: Would you like to come to our rehearsal later? (If you want...)
Poppy: Oh, what kind of play are you two rehearsing?
Razzle & Dazzle: It’s a comedy play, with a mix of...! (Drama…)
Poppy: Ooh, sounds interesting!","Razzle & Dazzle: Checking in on you Dazzle, you alright? (I'm okay.)

Razzle & Dazzle: I think we did so well on that last Floor! (If you say so...)

Razzle & Dazzle: I wonder what's on the next Floor? (Do you really want to know?)

Razzle & Dazzle: Oh boy, another Floor! (Oh no, another Floor...)",,"Razzle & Dazzle: What's up Rodger! (Hello...)
Rodger: Nothing is ""up"" right now, but hello you two!
Razzle & Dazzle: Working hard then? (Or hardly working...)
Rodger: Hah! Good one, but yes, working as always!

Rodger: You two could be great detectives!
Razzle & Dazzle: Really? (Is this a joke...?)
Rodger: No really! You'd have secondary opinions on cases!
Razzle & Dazzle: Ooh! (He likes acting... I can't stand it.)
Rodger: See? Already contrasting one another!",,"Razzle & Dazzle: Scraps!! (Paper sibling...)
Scraps: Hey you two!! Doing good right?
Razzle & Dazzle: Couldn't be better! (I don't know about that...)","Shelly: Hey do you two have favorite dinosaurs?
Razzle & Dazzle: I love the Stegosaurus! (...The long neck one.)
Shelly: Long neck? You mean one of the many Sauropods!
Razzle & Dazzle: Huh? (...Sure, whichever has the long neck.)","Razzle & Dazzle: Dazzle you okay? (Could be better...)
Shrimpo: OR YOU COULD BE WORSE!!!
Razzle & Dazzle: Shrimpo, stop it! (He's right...)
Shrimpo: I'M SHRIMPO, I'M ALWAYS RIGHT!!
Razzle & Dazzle: Don't listen to him. (...)",,"Sprout: Razzle, Dazzle, need anything?
Razzle & Dazzle: Not really? (...Why do you ask?)
Sprout: Well, I just know you both get along with Astro...
Razzle & Dazzle: Yeah? (...We're all friends.)
Sprout: AND... I respect you guys, just want to make sure you're both fine.
Razzle & Dazzle: Well that's kind! (...Hm.)","Razzle & Dazzle: Squirm, how are you? (Hopefully, you're feeling better...)
Squirm: Dazzle! ...Razzle- uhm, I'm ok... did you both want to maybe chat sometime...? Catch up?
Razzle & Dazzle: I'm not sure- (We should make some time for that...)
Squirm: I-I don't get to see you both as often since I stopped going to book club sessions...
Razzle & Dazzle: If Dazzle would like I'm sure we can find some time, right? (...Right)
Squirm: Thank you! ...snf- Thank you...

Squirm: W-what if... WHAT IF THE NEXT FLOOR IS WORSE! W-what if it's THE WORST FLOOR EVER!?
Razzle & Dazzle: Woah woah- (Squirm... you may be overthinking things some... Breathe.)
Squirm: B-BUT... WHAT IF!?
Razzle & Dazzle: Or...This could be great knowing we have each other! (That's right... See Squirm, you're with us.)
Squirm: ....You're both right... Having you around does make this a-a bit better.","Teagan: Razzle and Dazzle, the twins! How are you two today?
Razzle & Dazzle: We’re doing alright! (Pretty good, all things considered…)
Teagan: Will you two be attending my tea party later?
Razzle & Dazzle: Wish we could! (We have book club with Brightney at that time…)
Teagan: Oh, that’s too bad then. You both have fun!
Razzle & Dazzle: Definetly will have fun! (…Razzle, you always fall asleep a couple minutes into reading-)","Razzle & Dazzle: Wow Tisha, you're hard at work! (Maybe overworking even...)
Tisha: Don't you worry a thing, Dazzle! Someone has to keep things clean!
Razzle & Dazzle: That is true! (Please take breaks…)","Toodles: Hi you both! What are you guys doing?
Razzle & Dazzle: Well we're waiting in an elevator right now! (...That is true.)
Toodles: Aw c'mon that's a little bit of a boring answer!
Razzle & Dazzle: But it's the truth. (...Would you rather that we lie?)
Toodles: Hmmm...Maybe?","Vee: You know Razzle you don't need to keep sending me letters.
Razzle & Dazzle: I don't? (...I've been telling him this.)
Vee: Right, you could just... come talk to me?
Razzle & Dazzle: REALLY??? (Oh uh, Vee, are you sure about that...?)
Vee: Yeah, just swing by my room and knock of course.
Razzle & Dazzle: FOR SURE!! YES MA'AM!! (...We'll visit a reasonable amount.)

Razzle & Dazzle: VEE!! HELLO! (...Hey Vee.)
Vee: Hello, how are you both doing?
Razzle & Dazzle: AMAZING!! Right Dazzle!? (...Yeah, he's a fan.)
Vee: I can tell.",
RIBECCA,,,,,,,,,,"Ribecca: Boolynski!! Girl it is great seeing you!!
Connie: It's Connie still, but Ayyy! Your outfit is great as always.
Ribecca: Aw thank you! You know me, making just the best outfits and costumes.
Connie: You planning on making me any?
Ribecca: If you'd want some you know I'd be happy to throw a few things together while I feel creative.
Connie: I look forward to seeing what you make! Better be suuuper cool.",,,,"Ribecca: Girl... Eclipse, sometimes you stare at me just like Pebble... Knock that off.
Eclipse: ...
Ribecca: Ay! Eclipse!
Eclipse: -Huh? Oh! Sorry Ribecca!! Was I staring??
Ribecca: Yeah, yeah you were.
Eclipse: Oopsie daisy! My bad!! I just zone out sometimes!

Eclipse: Ribecca if I tried to catch my tail would you watch? SAY YES!! Please say yes!!
Ribecca: I'll be real Eclipse, I wouldn't wanna watch that, it took you three hours last time.
Eclipse: Aw but when I caught it that one time the pay off was amazing!!
Ribecca: The ""pay off"" was you falling asleep almost immediately after from exhaustion.
Eclipse: Aw yeah... good times...",,,,,,,,,"Gourdy: Ribecca! Ribecca!!
Ribecca: Yeah little boss man? What's up-?
Gourdy: Can we draw together!! ...When you’re not so busy of course.
Ribecca: You know I'm never too busy for you. Let me guess you'll draw tons of spooky stuff?
Gourdy: Yup! -And you'll draw cool costumes??
Ribecca: Yup, you know me.

Ribecca: Heya kid, you doing alright?
Gourdy: Mhm! What about you? Still got all your bones???
Ribecca: You know if you asked any other Toon that question they would be concerned haha-
Gourdy: Yeah but you're missing your hand.
Ribecca: WAIT WHAT- Oh, wait, I still have both my hands... Pft are you pranking me?
Gourdy: Hehe maaaaybe!!",,"Ribecca: Aw Pebble, don't stare at me man...
Pebble: ...Arf.
Ribecca: Pebble, no, bad rock- no staring!
Pebble: ...
Ribecca: Eugh... Dandy needs to not leave us in the same elevator.",,,"Ribecca: Are all my bones still in place-?

Ribecca: I can at least say this whole ordeal has left me inspired.

Ribecca: I feel colder than usual...",,,,"Ribecca: You're smiling over really wide....
Shelly: I can't help it! You're a skeleton! It's so FASCINATING!
Ribecca: Huh, thanks...? Is that a compliment I can't really tell...
Shelly: Of course! A compliment I promise! I've studied all sorts of extinct species bone structures.
Ribecca: Well thankfully I'm not like extinct... I think??",,"Soulvester: Ribecca dost thou need any knightly assistance?
Ribecca: Nah, I don't have any uh ""quests"" for you or anything...
Soulvester: I see, well even if it is something as simple as fetching supplies, know I'd be here!
Ribecca: Alright! Maybe some time later when we get some new fabrics.

Ribecca: Hello Mister knight in shining armor, you know that you got some scratches on that armor?
Soulvester: Well I'd consider simply proof of my many expeditions in Gardenview.
Ribecca: You know I could always help fix that armor up for you pal.
Soulvester: Hark Ribecca, for I have no need...I am most comfortable within the suit of armor.
Ribecca: It'd only be for a moment Soulvester.
Soulvester: I refuse.",,,,,,,
RODGER,"Rodger: Astro! Would you mind answering some of my questions?
Astro: Yes? Yes I would mind.
Rodger: How about later? I could ask you after this!
Astro: I rather you didn't Rodger...

Astro: Rodger, maybe you should focus on... other things than your investigations.
Rodger: I don't see a point in that Astro.
Astro: How about a new hobby...?
Rodger: Astro, I have plenty hobbies!
Astro: ...Maybe mooore hobbies?",,"Rodger: Pardon me if this is a bothersome question Blot, but is it true you only have one eye?
Blot: !gniksa si ohw kool lleW (Well look who is asking!)
Rodger: ...Is that a yes or a no?
Blot: .regdoR seY (Yes Rodger.)
Rodger: Ah well, thank you for your answer, I do appreciate it. Couldn't help but be curious!",,"Rodger: Boxten, keeping your mind steady and clear?
Boxten: Uhm.. N-not really?
Rodger: Well, try counting if you find yourself worried or stressed!

Boxten: Rodger, any luck or progress on your investigation?
Rodger: I believe I'm making steady progress each day! Though I conduct multiple investigations!
Boxten: Oh right... sorry.
Rodger: No need to apologize Boxten! Just informing you!","Rodger: Brightney! Keeping clever I assume?
Brightney: Yup! I'm making sure to re-read the whole collection of books I got!
Rodger: Your mind must be sharp as it is bright!

Brightney: Rodger! Got any new cases you're working on?
Rodger: Ah, Brightney! Why of course, a great detective is always working!
Brightney: Of course, if you ever need some help, you know where to find me.
Rodger: Brightney, as kind as you are smart! I'll keep that in mind.
Brightney: Aw, thank you!!",,"Coal: Bworf.
Rodger: Coal, Bobette says you have a great sense of smell! I wonder how well you can track things...
Coal: Bworf. Bworf.
Rodger: Hm... Makes me wonder if you'd be any help in solving a case!",,"Rodger: Miss Boolynski...
Connie: WHO TOLD YOU THAT NAME!?
Rodger: . . .
Connie: Don't call me that!! It's embarrassing!! Stick. To. The nickname!
Rodger: I thought it was a lovely name, but I understand, nothing meant by it.
Connie: Ugh, just stop talking Rodger.","Rodger: Cosmo think you could answer some quick questions?
Cosmo: Nope.
Rodger: Oh Cosmo, there is so much to be answered though and-
Cosmo: Are the questions about Sprout?
Rodger: Well...
Cosmo: In that case, nope!",,,,"Rodger: Eggson you have a smudge on your glasses.
Eggson: Usually it'd be Glisten telling me that...
Eggson: ...
Eggson: Rodger?
Rodger: I think I'm being influenced by the company I keep.

Eggson: So Rodger, how's the little one that follows you around?
Rodger: Toodles? She's well, I'm sure to always keep my eye on her.
Eggson: Good, I trust she's well under you watch.
Rodger: Well, I try my best to look out for her.
Eggson: That's all you can do Rodger, is your best! Ohoho!","Rodger: You know Finn, you're far smarter than people give you credit for.
Finn: Huh? Well thanks Rodger! What prompted this little compliment?
Rodger: I remembered back to a fact you shared on marine life.
Finn: Ooo! Which one was it???
Rodger: Well... Octopodes have 3 hearts.
Finn: Yeah! Here's another fact. Octopus actually prefer to crawl rather than swim!","Flutter: ...
Rodger: Hm? Of course I am doing well Flutter.
Flutter: ...?
Rodger: Haha, you have a proper sense of humour today.
Flutter: ...!","Flyte: Hey there Rodger, have any luck with your investigations?
Rodger: Not too great, honestly. I haven't been able to make any headway at all...
Flyte: Does that mean you're gonna call it off for now?
Rodger: Of course not! I can't give up just because of a rough patch.
Flyte: I really think you should be careful Rodger, before you find something you don't want to know.
Rodger: ...Thank you for this conversation, Flyte.","Gigi: Rodger, be honest with a gachapon..Do you have records on me?
Rodger: Records? I don't fully understand Gigi.
Gigi: Like a written record of everything I've maybe, perhaps, borrowed!
Rodger: You mean that you've stolen?
Gigi: ""Stolen"" is such a strong word! -But yes.
Rodger: Yes, yes I do have that.","Ginger: How's your little investigations going...?
Rodger: Ah, they aren't little investigations! I'm uncovering a big picture.
Ginger: Oh...?
Rodger: Yes, plenty happens outside of the Christmas season when we see you lot most.
Ginger: ...Right, I suppose I just forget sometimes.","Glisten: ...
Rodger: ...
Glisten: Rodger...
Rodger: Don't say it.
Glisten: It's not my fault I notice the smudges on your glass!
Rodger: I am plenty well kept!

Rodger: You're keeping safe I hope?
Glisten: Me? Rodger please, I make this look easy.
Rodger: ...I saw you almost walk into a wall.
Glisten: Tch.. you're seeing things.
Rodger: I've got a keen eye Glisten, don't forget that.
Glisten: Mhmmm... I'm alright.","Goob: Rodger! Looking for a hug?
Rodger: What? No, not at the moment, though I've found your hugs strategic.
Goob: Strategic? What do you mean?
Rodger: You know! Pulling us fellow Toons from danger! Isn't that the reason you hug others?
Goob: Not really- I just think some Toons need a hug right about now!","Rodger: Hello Holloway, how are you doing...? Need any help?
Gourdy: Uhmmm. . ..I'm ok, I'm doing fine really, I guess.
Rodger: Well know that you can always come to me if you need anything, and I mean it!
Gourdy: Mhm! Ok! Yeah! I'll let you know Mister Rodger!","Looey: Hey Rodger, if I had something bothering me you could look into it right?
Rodger: Well that's dependent on what has you bothered!
Looey: ...
Rodger: Looey?
Looey: Ah, never mind! HAha, I'm just overthinking something!
Rodger: Well, I'm here if you need me.","Pebble: Woof! Bark!
Rodger: I see, a small stone... Without a leash?
Pebble: Grrr...
Rodger: Right, right, no leash necessary! Understood!","Poppy: Rodger!! Have you thought about changing your style?
Rodger: Excuse me?- Well actually... I have thought of getting a monocle.
Poppy: Oh yeah! Then you'd look even fancier!
Rodger: Hm... I suppose I would look spiffy!","Rodger: You two could be great detectives!
Razzle & Dazzle: Really? (Is this a joke...?)
Rodger: No really! You'd have secondary opinions on cases!
Razzle & Dazzle: Ooh! (He likes acting... I can't stand it.)
Rodger: See? Already contrasting one another!

Razzle & Dazzle: What's up Rodger! (Hello...)
Rodger: Nothing is ""up"" right now, but hello you two!
Razzle & Dazzle: Working hard then? (Or hardly working...)
Rodger: Hah! Good one, but yes, working as always!",,"Rodger: I do not have the time for all of these 'activities'.

Rodger: It would be a great pleasure if this was finished sooner rather than later.

Rodger: What more is there to learn about this place?

Rodger: What secrets will the future endeavors contain?",,"Rodger: Scraps, do you think you could lend me some extra pens?
Scraps: What? Did you already run out of the last batch I gave you?
Rodger: Yes, I had plenty to write! I also need some red yarn.
Scraps: Red yarn? Don't tell me you're stringing the corkboard again.
Rodger: I'm stringing the corkboard again!","Rodger: Miss Fossilian was it?
Shelly: Yes! How can I help you Rodger?
Rodger: Interested in answering some questions for my case?
Shelly: You want answers... from me?
Rodger: Of course! You're part of the ""main"" casting... are you not?
Shelly: I AM! I AM! I'll catch up with you after this!!","Rodger: Shrimpo, is there a reason you are so very spiteful?
Shrimpo: WHAT DID YOU CALL ME?!
Rodger: Spiteful?
Shrimpo: I'M TAKING OFFENSE TO THAT!!!
Rodger: Right... Let's try this interview later.",,"Rodger: Sprout, were you interested in an interview?
Sprout: Nope, and don't go asking Cosmo about me either.
Rodger: Ah... I see.
Sprout: Best you keep to yourself Rodger, that's safer.
Rodger: It may be safer, but uncovering truths is more rewarding!
Sprout: ...Sure Rodger, Sure.","Rodger: You wouldn't happen to have seen anything suspicious recently... have you?
Squirm: I-I have! IT WAS AWFUL! I... I dropped a pen I was using a-and it rolled under a table...
Rodger: I'm not sure if that's something I'd ever label as ""suspicious"" ...But continue.
Squirm: N-NO WAIT! But... but the pen when I went to grab it, WAS GONE-!!!
Rodger: ...Last time you mentioned something disappeared, we found it within ten minutes of searching.
Squirm: BUT RODGER W-WHAT IF THIS TIME SOMETHING REALLY DID DISAPPEAR!!","Rodger: Teagan I must say, how do you keep your fluffy boa so clean?
Teagan: Ah! I make sure no Ichor gets on it of course!
Rodger: You must be very good at dodging then!","Rodger: Tisha, think you could find the time to help me organize some files later?
Tisha: Ah record keeping some new data?
Rodger: Yes, I trust only your eyes to help and keep things silent.
Tisha: I know that one isn't true, you have a few trusted Toons in your corner.
Rodger: Yes, well, some of my trusted friends don't know how to organize well.","Rodger: If it isn't the bravest little detective!
Toodles: Hey Rodger!! Am I able to help in your next case??
Rodger: Ah, no, not exactly but maybe the next, next one!
Toodles: You've said that like... a bajillion times now.

Toodles: Rodger, tell me about your latest cases! Please, please, please!!!
Rodger: Oh well, I'm unsure about doing that.
Toodles: Aww, c'mon!! Pleaaaase!!!
Rodger: Hmm, maybe after we finish here, then ask me again.","Rodger: Vee your knowledge could be very useful for-
Vee: I won't become your tool Rodger.
Rodger: That's not what I'm asking of you!
Vee: Sounds like it is, I'm much more than my technology.
Rodger: Apologies if you feel I was implying otherwise!
Vee: Sure Rodger, sure.

Vee: Rodger, do me a favor.
Rodger: That's dependent on what you plan to ask of me!
Vee: Stop trying to ask Astro questions.
Rodger: ...
Vee: Will you?
Rodger: I... can't promise such.",
RUDIE,"Rudie: ...
Astro: Looking for a good dream...?
Rudie: A little!
Astro: Say no more...
Rudie: Thank you!!!",,"Rudie: Happy Holidays Blot! Are you excited TODAY is CHRISTMAS!
Blot: ...eiduR samtsirhC ton s'tI (It's not Christmas Rudie...)
Rudie: What's that? You're as excited as me!? WOW! I didn't know you were SO festive!!!
Blot: !dias I tahw t'nsi taht wonk uoY (You know that isn't what I said!)","Rudie: I looove Christmas!
Bobette: Haha yeah me too...!
Rudie: . . .
Bobette: ...
Rudie: We sure do love Christmas.
Bobette: ...Happens once a year.

Bobette: I love giving gifts to my friends!
Rudie: Good thing it's Christmas!
Bobette: ...Rudie.
Rudie: What?
Bobette: It's not Christmas buddy.
Rudie: I know it's Christmas, in my heart!!!","Rudie: BOXTEN! Did you know... The happiest holiday on earth, TODAY!
Boxten: Rudie... I know other Toons try to play along but... it isn't-
Rudie: Don't say it.
Boxten: ...
Rudie: MERRY CHRISTMAS TO YOUUuuUUuu!!!!
Boxten: ...M-merry Christmas.","Rudie: Wow you glow! I glow!
Brightney: Well yeah! But technically It’s my head that glows!
Rudie: Oooh! Could you switch the color?
Brightney: Yeah! If I really wanted, I’m sure I could.
Rudie: So cool!!",,"Coal: BWORF!!
Rudie: Woah! Coal, calm down, I'm as excited as you for Christmas!
Coal: …
Rudie: What's that look for? Don't tell me you don't care about Christmas.
Coal: …
Rudie: Coal, please.

Rudie: Merry Christmas Coal!
Coal: ...
Rudie: ...I said, MERRY CHRISTMAS COAL!!!
Coal: Grrr...
Rudie: Oh uh... nevermind! Haha! Nevermind!",,,,,,,,,,,"Rudie: Oooh GIGI!!!
Gigi: Aw man... Don't say it-
Rudie: IT'S... CHRISTMAS!!!!!
Gigi: Man... come on Rudie, you can't say this EVERY day I see you.
Rudie: I don't understand what you could possibly be talking about!!
Gigi: Honestly... I guess you never will dude.","Rudie: Lalalah! I love Christmas!
Ginger: ...Of course, uhm, but it's not really-
Rudie: It is the most festive time of the year!!
Ginger: ...Right.

Ginger: Feeling festive my friend...?
Rudie: It's all I know! Hehe!
Ginger: Oh... Well when you say it like that it's a tad ominous.","Rudie: Merry Christmas!
Glisten: ...Uhm Rudie it's not--
Rudie: ...
Glisten: I mean-- MERRY CHRISTMAS! Hahaha... silly me mhm...!","Rudie: Happy Holidays!
Goob: It's the Holidays? Wait which one???
Rudie: ...Uhm, pretty sure it's Christmas!!
Goob: Oh! Ok! Won't argue with that!!",,"Rudie: Looey! Isn't it funny how I have a red nose, and... I'M NOT EVEN A CLOWN! Hahaha!
Looey: Hahaha, yeah, yeah... THAT'S funny!
Rudie: Yup! My red nose has that christmas festive glow to it!
Looey: That's good for you Rudie... I'm happy for you!
Rudie: Of course you'd be! Why would anyone be unhappy ON CHRISTMAS!!!",,"Rudie: Poppy! Poppy! Poppy! IT'S CHRISTMAS!!!
Poppy: Huh?? NO WAY!
Rudie: Yes way.
Poppy: Woah. That's crazy, I had no idea Rudie! Mostly since you say this every time I see you!",,,,"Rudie: Happy Holidays!

Rudie: I'm ready for more fun!

Rudie: Merry Christmas!","Rudie: Happy holidays!
Scraps: Yeah?
Rudie: YUP! HAPPY HOLIDAYS!!",,,,,,,,"Rudie: Are you on the nice list?
Toodles: Probably!! What about you?
Rudie: Oh for sure!
Toodles: Yay!! We're both nice!
Rudie: That we are! Yay! Hooray! All is perfect! Ahaha!",,
SCRAPS,"Astro: Scraps I've noticed you drawing less...
Scraps: You have???
Astro: Yes, are you doing alright?
Scraps: I mean, I could be better, I have a lot on my mind!
Astro: I'm here to listen if you ever need.",,"Scraps: So let's say my pen ran out of ink, and I was looking for more ink...
Blot: .on esaelP (Please no.)
Scraps: -And there was this amazing Toon I knew who may or may not have had a great abundance of ink...
Blot: !siht gniod ton, epon, on, oN (No ,no ,nope ,not doing this!)

Blot: ... (...)
Scraps: Blot, I had some very emotional based art and I was thinking, maybe you'd wanna help!
Blot: .eb lliw aedi siht tahw rednow I eeG (Gee I wonder what this idea will be.)
Scraps: So I get this canvas, right? And then you just run into it really fast and-
Blot: .oN (No.)",,"Boxten: Scraps... have you been taking the pencils from my room in the night?
Scraps: What?! No, that could've been anyone on our floor!
Boxten: ...
Scraps: Shrimpo?
Boxten: Shrimpo.","Brightney: Scraps. lovely to see you! Have you solved that puzzle I let you borrow?
Scraps: Oh the puzzle? Erm. Well about that...
Brightney: Did you lose a piece again?
Scraps: Maaaaybe...
Brightney: I'll help you find it later, don't worry about it.

Scraps: Heeey! Brightney! Whatcha' thinking about?
Brightney: You want the honest truth?
Scraps: Uh huh! Of course.
Brightney: I'm thinking about Trigonometry...
Scraps: Oh.","Brusha: Are you still doing that childish ""art""?
Scraps: My art is realer than yours!
Brusha: I doubt that given your last art piece I saw used glitter glue!
Scraps: The glitter was very tasteful!!!
Brusha: Ew, you taste the glitter?
Scraps: Tasteful, as in the art was really, really, really good! Sheesh.",,,"Connie: I hate to sound like Tisha, but you should so clean your room.
Scraps: It's not even THAT messy... have you seen Yatta's room?
Connie: Huh... Fair point!
Scraps: Hey wait, since when did I invite you to my room???
Connie: . . .
Scraps: Connie!! Stop snooping around the place!","Cosmo: Scraps have you been the one folding the napkins into origami?
Scraps: ...Maybe.
Cosmo: Well I think the origami is really well done!
Scraps: Really? Aw... I thought you were going to complain!
Cosmo: Complain? Of course not!! I feel bad taking them apart...",,,,,"Finn: Heya! Catfish got your tongue?
Scraps: Ha, Ha, Ha... it's because I'm cat-like isn't it?
Finn: Haha Yeah!
Scraps: You're lucky there is no real fish in your head. I'd be snacking right now!
Finn: GASP! Not my toy fish Barnaby Wilikers...","Flutter: ???
Scraps: No we're not doing that again.
Flutter: ...?
Scraps: Not even if you say please!
Flutter: ...???
Scraps: Flutter, I'm like scared of heights...","Scraps: Heya Flyte! Don't get to see you often!
Flyte: Well same can be said about you Scraps.
Scraps: Right, right, but how are you?
Flyte: As good as I could be I guess!
Scraps: Well that's better than the answer Shrimpo usually gives.
Flyte: Pft- I'm sure it is.","Scraps: Gigi! Stop, taking, my paints!
Gigi: Mwehehe...
Scraps: Gigi...
Gigi: Mwehehe... I'll do it again.
Scraps: GIGI!!","Ginger: Scraps, have you ever thought of taking your art skills into culinary arts...?
Scraps: Haha, I don't know, maybe I should stick with crafts!
Ginger: It's not about skills, it's about spending time with others you care about- That's part of the Holidays.
Scraps: Right, right... very festive of you! I guess I could put aside some time!
Ginger: Aw come on... I'd love some company in the kitchen to make baked goods.
Scraps: Yeah but I'm sure Sprout and Cosmo are far better help! They'd be far more skilled!","Glisten: Scraps I really think I should be your next artistic muse!
Scraps: Haha, not happening Glisten.
Glisten: Your loss! What is better than the best topic, ME!
Scraps: I could think of multiple things better...","Scraps: Hey little bro, nothings giving you trouble right?
Goob: Well... Sorta? The Twisteds are.
Scraps: Well yeah! Obviously haha, but if there's anything else you let me know! Alright?
Goob: Hehe alright! Thanks Scraps.

Goob: Scraps!! You doing okay sis?
Scraps: Yup! Just trying my best, better to have you here with me though!
Goob: I could say the same! I feel safer with you around!
Scraps: That's what a big sister is for!",,"Scraps: Hey, I think your tail's wagging.
Looey: It does that, how about you?
Scraps: Yeah, sometimes, when I'm mad though.
Looey: Right, mine does so when I'm happy!
Scraps: Good talk.
Looey: Yup! Good talk!","Pebble: Grrr...
Scraps: Really buddy? You don't want to go there...
Pebble: BARK! BARK!
Scraps: HISSss!

Scraps: I don't mind Dandy, just wish he didn't let his pet rock in the elevator.
Pebble: Grrr...
Scraps: That's exactly why.","Poppy: Heya Scraps!! Your claws are looking really shiny!
Scraps: Huh? Really?
Poppy: We should paint them some time after this!
Scraps: Ooo I do like the sound of that! Hehe sure!","Razzle & Dazzle: Scraps!! (Paper sibling...)
Scraps: Hey you two!! Doing good right?
Razzle & Dazzle: Couldn't be better!! (I don't know about that...)",,"Rodger: Scraps, do you think you could lend me some extra pens?
Scraps: What? Did you already run out of the last batch I gave you?
Rodger: Yes, I had plenty to write! I also need some red yarn.
Scraps: Red yarn? Don't tell me you're stringing the corkboard again.
Rodger: I'm stringing the corkboard again!","Rudie: Happy holidays!
Scraps: Yeah?
Rudie: YUP! HAPPY HOLIDAYS!!","Scraps: Did I lose my plastic cup?!

Scraps: Is my tail crumpled?

Scraps: Made it in one piece!","Scraps: Sooo… Sabertooths? Were they really that cool?
Shelly: They were super cool! Their canine teeth were seven inches!
Scraps: Whoah, that is kind of cool!
Shelly: Uhuh! And their mouth could open a hundred-thirty degrees!
Scraps: Also… kind of scary, then.","Shrimpo: YOU'RE AWFUL, I LIKE DOGS MORE THAN CATS!! AND I HATE DOGS!!!
Scraps: I'm not even really a cat technically...
Shrimpo: YOU HISS!! YOU'RE A CAT!!!
Scraps: I'm not taking this from a literal shrimp.

Scraps: I dont like your tone Shrimpo!
Shrimpo: I DONT LIKE YOUR EAR, HORN, THINGYS!!
Scraps: You. Take. That. Back.
Shrimpo: SHRIMPO NEVER APOLOGIZES!!!
Scraps: HISsss!",,"Scraps: Sprout! Buddy! Pal! Best friend!
Sprout: Scraps, we are not best friends-
Scraps: Yeah well... I meant to just ask if you could answer a question?
Sprout: It's fine, what is it?
Scraps: I ran out of red paint, do you think ketchup can substitute-
Sprout: Scraps no, before you even finish that sentence... do NOT use ketchup.","Scraps: Squirm... I know sometimes Gigi takes a few of my paints, but now my sketchbook is gone.
Squirm: . . . O-oh no...
Scraps: Squirm.
Squirm: OOOOH NOOOO....!!!!
Scraps: SQUIRM- DID YOU EAT MY SKETCHBOOK?! SQUIRM!!! -WHY???
Squirm: Y-you know I can't help it! ...I-I'M SORRY!!!","Teagan: Scraps, how good are you at painting?
Scraps: I think I'm pretty good at it! Why do you ask?
Teagan: Would you be interested in painting a couple of my teacups? They could use some variety.
Scraps: Ohh, I see! Yeah, I can help you with that, no worries!
Teagan: Splendid! I'll come find you later.","Tisha: Scraps, did you clean up your room from all the yarn?
Scraps: Huh?? Oh... uh nooo..
Tisha: What! But it's a mess, didn't you say you would?
Scraps: Well, I changed my mind! I like the yarn. Even if I trip some.
Tisha: Oh goodness. We'll talk later on it.","Toodles: Your cup on your tail is neat!
Scraps: Oh! Thanks Toodles.
Toodles: Yeah!! I dunno about the dress though.
Scraps: Wha- wow, kids can be harsh.","Vee: If it isn't Scraps! One of the luckiest Toons here!!
Scraps: I don't know if I'd call myself lucky...? But thanks.
Vee: That's great! Now answer me this winning question!
Scraps: Go on?
Vee: Who was the contestant who won ALL my prizes, EVERY time, FROM LUCKY GUESSES...?
Scraps: Uhm... me?
Vee: Y e a h.

Scraps: Hey Vee... You're not still mad at me for winning all your game show prizes right?
Vee: ...
Scraps: Vee..?
Vee: ...
Scraps: I'll take that as a yes.",
SHELLY,"Astro: ...Are you alright?
Shelly: Huh?? OH! You're asking me?
Astro: Uhm... yes you, Shelly.
Shelly: Yeah! I'm actually doing better knowing I got you around!
Astro: Heh, that's good I suppose.

Shelly: Astro! You think I could get a good dream tonight buddy?
Astro: Well... maybe, what were you thinking?
Shelly: Let me tame a hundred velociraptors.
Astro: Uhm... A-are you sure...?
Shelly: Astro, I've never been more sure.","Bassie: Shelly... uhm do you-
Shelly: Wait! ...You got my name right!
Bassie: I uh, try to remember all my fellow ""Main"" friends...!
Shelly: We're for sure friends! Of course! Just us ""Mains"" Hahaha!
Bassie: R-right!! Haha... HaHAha!","Shelly: Blot are we really sure you're ink? What if you were oil! Oil made of fossil fuels?
Blot: ?...siht htiw gniog uoy era erehW (Where are you going with this...?)
Shelly: If you were... you would be sort of, maybe, part dinosaur in a way!
Blot: .won siht htiw gniog si ehs erehw ees I hO (Oh I see where she is going with this now.)
Shelly: Blot if I could assign you a dinosaur, I think you'd be a Baryonyx!

Blot: ...ehcadaeh a fo tib a gnitteg m'I kniht I (I think I'm getting a bit of a headache...)
Shelly: Huh? What did you say?
Blot: .ruasoniD (Dinosaur.)
Shelly: OH! OH! I know that one! Yes! I knew you were a dinosaur fan! Hehehe! YES!
Blot: .sruasonid tuoba gniklat tnecrep derdnuh eno saw I ,erus haeY (Yeah sure, I was one hundred percent talking about dinosaurs.)","Bobette: After this I have to really focus on finishing my craft projects...
Shelly: Well I wish you luck! I myself like to sew a little.
Bobette: You sew...? I thought your thing was dinosaurs?
Shelly: I can have my little side hobbies, haha... Don't you?
Bobette: Uhm... haha... probably, I mean yeah sure, I do.","Boxten: Hey ...you? How are you doing?
Shelly: Me-? I'm alright...what about you?
Boxten: Could be better...
Shelly: Yeah I get that-","Shelly: Brightney! You remind me of a Troodon!
Brightney: A Troodon...? Shelly, I'm not a dinosaur...
Shelly: I-I mean I'm not trying to call you old or anything! Sorry! Troodons were smart!
Brightney: Oh! You're calling me smart! Haha... I was about to say.
Shelly: Yeah! Troodons were smart theropods! Appearing later in the Cretaceous period.",,,"Cocoa: Heya Shelly! I saw you and Bassie getting along!
Shelly: Really? I thought we just chatted here and there but-
Cocoa: You two SHOULD hang out more! Any friend of her's is a friend of mine!!
Shelly: Aw.. that's sweet! Thanks Cocoa...!
Cocoa: Hehe! No need to thank me for just being a friend!","Shelly: Hey so dinosaurs are extinct... and well, you're...
Connie: ...I'm what Shelly?
Shelly: . . .
Connie: Go on. Say it.
Shelly: ...NEVERMIND! Nevermind!","Cosmo: …The plant in my room wilted recently.
Shelly: Oh no, were you giving it enough water?
Cosmo: Yeah! Maybe I gave it too much water?
Shelly: You could ask Dandy for advice on that!
Cosmo: …Uhm, no thanks Shelly. I think Dandy is the last person I want to ask.",,,,,"Finn: Shelly! Are you a sea shell?
Shelly: Nope, I'm an ammonite!
Finn: That's still a kind of sea shell!
Shelly: Well, yeah technically but I like to think of myself as a fossil more-so!","Flutter: …?
Shelly: Oh! Flutter! You're actually interested in the Brachiosaurus skeleton replica??
Flutter: . . . ???
Shelly: Yeah... It's only a replica here in Gardenview.
Flutter: …
Shelly: Oh…. Right, not as interesting, I understand...",,"Gigi: So are you like... a sea shell?
Shelly: Haha no actually, I'm a ammonite!
Gigi: Oh woah! I don't have that in my collection, yet.
Shelly: ...What do you mean yet?
Gigi: Don't worry about it.",,"Shelly: Glisten, how do you do it?
Glisten: Hm? Do what... ?
Shelly: Get everyone to notice you?
Glisten: Aw! I'm so glad you asked me Shelby!
Shelly: My name is Shelly.
Glisten: RIGHT! That was a test! Of memory! Anyways- I'll actually tell you later!","Shelly: Would you hug a dinosaur?
Goob: I would hug a million dinosaurs!
Shelly: Even the ones with sharp teeth?
Goob: I have sharp teeth too!
Shelly: Oh right! I forgot haha!","Gourdy: If you think about it- fossils are like skeletons.
Shelly: Well... not all fossils are skeletal remains actually!
Gourdy: Aw, what!
Shelly: It’s not a bad thing though! Variation in data is key to new discoveries!
Gourdy: Alright… if you say so Miss Fossilian.","Looey: Hmm, I should put together an act for later!
Shelly: Ooo! Could I come watch?
Looey: Huh? Oh er... Yeah! Sure! Didn't see you there haha!
Shelly: I get that a lot... hahaha...","Pebble: Arf!
Shelly: Nope! I don't have any bones for you buddy!
Pebble: ...Bworf.
Shelly: No… Fossils are not for pet rocks to chew on.
Pebble: Grrr...
Shelly: I'm telling Dandy.

Shelly: Hey Pebble, you’re good at sniffing out stuff, right?
Pebble: Bark arf!
Shelly: I might need some help finding a lost fossil to add to my collection.
Pebble: ...Bworf.
Shelly: You… you buried it? Let's talk about this later..","Poppy: I had one of the best dreams last night!
Shelly: Really? What was the dream about!
Poppy: …
Shelly: Poppy..?
Poppy: Huh? OH! Sorry I didn't hear you!
Shelly: Nevermind… it's okay, really…","Shelly: Hey do you two have favorite dinosaurs?
Razzle & Dazzle: I love the Stegosaurus! (...The long neck one.)
Shelly: Long neck? You mean one of the many Sauropods!
Razzle & Dazzle: Huh? (...Sure, whichever has the long neck.)","Ribecca: You're smiling over really wide....
Shelly: I can't help it! You're a skeleton! It's so FASCINATING!
Ribecca: Huh, thanks...? Is that a compliment I can't really tell...
Shelly: Of course! A compliment I promise! I've studied all sorts of extinct species bone structures.
Ribecca: Well thankfully I'm not like extinct... I think??","Rodger: Miss Fossilian was it?
Shelly: Yes! How can I help you Rodger?
Rodger: Interested in answering some questions for my case?
Shelly: You want answers... from me?
Rodger: Of course! You're part of the ""main"" casting... are you not?
Shelly: I AM! I AM! I'll catch up with you after this!!",,"Scraps: Sooo… Sabertooths? Were they really that cool?
Shelly: They were super cool! Their canine teeth were seven inches!
Scraps: Whoah, that is kind of cool!
Shelly: Uhuh! And their mouth could open a hundred-thirty degrees!
Scraps: Also… kind of scary, then.","Shelly: Hooray, I'm not extinct!

Shelly: I could be assembling fossils right now...

Shelly: Is my shell chipped?","Shrimpo: I HATE YOU!!!
Shelly: Me?
Shrimpo: EVERYONE!!!
Shelly: ...Well, I guess that's better than just me?",,"Shelly: Sprout! Have I told you about some prehistoric plants?
Sprout: Yeah, a couple times actually.
Shelly: Oh, well, uhm... Did you want to hear more???
Sprout: ...Sure, as long as Cosmo can join us later.
Shelly: DEAL!! You two are going to looove the Cycadophyta!

Sprout: I think I tore my scarf a little.
Shelly: Oh I have a friend who's teaching me some about sewing!
Sprout: ... You sew?
Shelly: Well it's a little side hobby!
Sprout: You know Cosmo is teaching Boxten how to bake.
Shelly: Ooo! maybe I should ask him for some tips so I can have more hobbies!","Shelly: Phew... feel like I could have done a bit better-
Squirm: Me too... I-I did awful... I-I'M SO USELESS!!! WAAAAAH!!!
Shelly: ...I'm not sure if I'd go as far as to say that.
Squirm: Y-you're right... I could be doing worse... -OH NO, I COULD BE DOING WORSE!!!
Shelly: ...Please don't cry! Please, please, please don't cry!
Squirm: OH NOOOO, I AM MAKING THINGS WORSE! WAAAAH!!!","Teagan: Shelly, how have you been?
Shelly: Ah! Doing good... well sorta-ish!
Teagan: Sorta-ish? Why don't we have tea after this.
Shelly: That would be nice yeah... where?
Teagan: My room after we finish here, I expect you on time.
Shelly: Got it! You can count on me!","Tisha: Heya Shelly, you alright?
Shelly: Oh! Yeah, yeah, just thinking!
Tisha: Ah, just know I've got your back alright?
Shelly: Heh, of course...! And I've got you! Let's do this!

Shelly: Heya Tisha! Think you could help me again?
Tisha: Uh huh! Like cleaning up a fossil right?
Shelly: Yup! After this I got a few to put together.
Tisha: Sounds fun! Can't wait Teehee!","Shelly: Hey Toodles! Interested in learning about some powerful carnivores of the prehistoric?
Toodles: ...Are they like scary powerful?
Shelly: Well some of them were so powerful they could bite a tree in half!
Toodles: -EEK!!
Shelly: I-I mean... uh... No need to be scared!! Everything's okay!!","Shelly: Want to hear some dinosaur facts?
Vee: I know them all.
Shelly: What...?
Vee: They're programmed in already Shelly, I know them all.
Shelly: Ah... right, silly me!

Vee: So, are you busy after this?
Shelly: Huh...? OH! You're asking me!!
Vee: ...Yes, I'm talking to you.
Shelly: Nope! Not busy at all! What do you need?
Vee: Just help moving around supplies.
Shelly: Oh... uhm, right... of course.","Yatta: SHELLY!
Shelly: W-what??? Huh? -Me?
Yatta: Yes YOU! Tisha said you learned sewing?
Shelly: Yeah... YEAH! Are you interested!?
Yatta: YEAH!! YEAH!! SHOW ME LATER!!
Shelly: OH YEAH!! I mean like- of course! Perfect! Later!"
SHRIMPO,"Shrimpo: ASTRO, MORE LIKE BAD!
Astro: Uh... What?
Shrimpo: BADSTRO!!!

Astro: ...Shrimpo I-
Shrimpo: NO!!
Astro: But I just-
Shrimpo: I DON'T WANT TO HEAR YOUR VOICE!!!
Astro: ...",,"Shrimpo: I HATE MIMES!!!
Blot: !yug siht fo daol a teG (Get a load of this guy!)
Shrimpo: WHATEVER YOU SAID, I HATE IT!","Bobette: You might be on the naughty list to be honest...
Shrimpo: I HATE THE NAUGHTY LIST!
Bobette: Uhuh...?
Shrimpo: AND I HATE YOU!!!
Bobette: Oh...uhm ok... sorry?","Boxten: Please don't look my way, please don't look my way...
Shrimpo: BOXTEN!!!!
Boxten: Ugh...
Shrimpo: BOXTEN YOUR MUSIC IS AWFUL!!!! GIVE UP YOUR CAREER!!!!
Boxten: I am not even a music artist Shrimpo... I'm just a music box.","Shrimpo: YOUR LIGHT IS ANNOYING!!!
Brightney: Ugh, not this again...
Shrimpo: TURN IT OFF!!!
Brightney: No!
Shrimpo: YOUR FAULT IF WE LOSE THEN!","Shrimpo: I HATE ART!!
Brusha: Your hatred is so vivid, that I cannot even take offense.
Shrimpo: I HATE THAT YOU’RE NOT TAKING OFFENSE!!!
Brusha: If my art invokes such emotion, it is worthy art.
Shrimpo: YOU'LL NEVER BE WORTHY!!!!","Coal: ...
Shrimpo: I HATE YOUR EYEBROWS!
Coal: Grrr...
Shrimpo: I CAN GROWL TOO, GRRRRR!!!
Coal: Bwoof...?
Shrimpo: RAAAAAAAH!!!!",,"Shrimpo: I HATE TOONS WHO FLOAT!
Connie: ...I feel very targeted.
Shrimpo: I HATE TOONS WHO THINK THEY'RE THE MAIN TOPIC!!
Connie: WHO ELSE FLOATS AS MUCH AS ME SHRIMPO!?
Shrimpo: I DO NOT ANSWER TO YOU!!!","Cosmo: So happy we made it off that floor...
Shrimpo: I'M NOT.
Cosmo: W-what?
Shrimpo: LET'S GO BACK.
Cosmo: Shrimpo- no, we're not going back up???
Shrimpo: YOU NEVER LISTEN TO ME, I HATE YOU!!!",,,,"Shrimpo: I HATE OLD PEOPLE!!!
Eggson: Shrimpo, I must say I do feel targeted.
Shrimpo: YEAH, WELL, I HATE THAT YOU THINK THAT I HATE YOU IN SPECIFIC!
Eggson: Well do you hate me in specific...?
Shrimpo: YES, I HATE YOU IN SPECIFIC! BUT I ALSO HATE YOU THINKING WHAT I THINK!","Shrimpo: I HATE FISH!!
Finn: What about shrimp?
Shrimpo: SHRIMP ARENT FISH. THEY'RE CRUSTACEANS!!
Finn: GASP! You do listen to my facts!
Shrimpo: I HATE YOUR FACTS! I WOULD FORGET THEM IF I COULD!!

Finn: Heya bud! Why so Seal-rious? Haha!
Shrimpo: I HATE SEALS!!! SHRIMPO WINS.
Finn: Well I suppose one could say you're one in a krill-ion!
Shrimpo: WRONG CRUSTACEAN!!! YOU LOSE!!!
Finn: No but the joke is krill and shrimp are both- Ah nevermind.","Flutter: ...
Shrimpo: HOW DARE YOU SAY THAT!!
Flutter: ...?
Shrimpo: HOW DARE YOU!!!

Shrimpo: I HATE YOUR WINGS!!!
Flutter: ...
Shrimpo: I HATE THE FACT THAT YOU'RE SO LOUD!!!","Flyte: My antenna has an awful itch right now...
Shrimpo: I HATE WHEN YOU COMPLAIN!!
Flyte: Woah, Shrimpo, I am just thinking out loud.
Shrimpo: WELL THINK INSIDE THE LOUD!!!
Flyte: What?
Shrimpo: I HATE YOU!!! I HATE YOU!","Shrimpo: I HATE YOU!
Gigi: I never asked...
Shrimpo: RAHHH BE QUIET!
Gigi: I'd rather not...

Gigi: Lil' Shrimpson, what's up?
Shrimpo: THAT'S NOT MY NAME! I HATE IT! I HATE IT! I HATE IT!!!
Gigi: Uh huh... right, right, uh huh....
Shrimpo: I HATE YOU!
Gigi: Wow that is so interesting mhm... do you ever enjoy things?
Shrimpo: I HATE TO ENJOY THINGS!","Ginger: I'm forgetting if I left icing outside of the fridge...
Shrimpo: SHRIMPO HATES ICING!!!
Ginger: ...Oh, I-i'm sorry...?
Shrimpo: YOU SHOULD BE I HATE YOU!","Shrimpo: GLISTEN, YOU'RE UGLY!!!
Glisten: Shrimpo... you know I am a mirror, yes?
Shrimpo: AN UGLY ONE!!!
Glisten: But Shrimpo, I reflect so...
Shrimpo: NO MORE TALKING, YOU'RE DONE TALKING!!!

Glisten: You know you could stand to be nicer.
Shrimpo: NO, NEVER, I HATE YOU.
Glisten: Mhm, sure, Shrimpo.","Goob: Aw Shrimpo, do you need a hug to turn that frown upside down?
Shrimpo: I HATE HUGS!
Goob: What?
Shrimpo: I HATE HUGS AND I HATE YOU!!!
Goob: Nevermind-..",,"Looey: Heya Shrimpo! How are you feeling buddy?
Shrimpo: IF I HAD A SHARP PIN I WOULD POP YOU!!!
Looey: ...
Shrimpo: I WILL PUT THUMBTACKS IN YOUR ROOM.
Looey: I'll check up on you later, then...","Pebble: Arf!
Shrimpo: I HATE LOUD NOISES!!
Pebble: BARK!!!
Shrimpo: ONLY I CAN BE LOUD!!!
Pebble: ...Woof.
Shrimpo: I HATE QUIET NOISES, TOO!!","Shrimpo: I HATE YOUR BOW!!!
Poppy: Well, I like it!
Shrimpo: WHO ASKED?!","Razzle & Dazzle: Dazzle you okay? (Could be better...)
Shrimpo: OR YOU COULD BE WORSE!!!
Razzle & Dazzle: Shrimpo, stop it! (He's right...)
Shrimpo: I'M ALWAYS RIGHT, I'M SHRIMPO.
Razzle & Dazzle: Don't listen to him. (...)",,"Rodger: Shrimpo, is there a reason you are so very spiteful?
Shrimpo: WHAT DID YOU CALL ME?!
Rodger: Spiteful?
Shrimpo: I'M TAKING OFFENSE TO THAT!!!
Rodger: Right... Let's try this interview later.",,"Shrimpo: YOU'RE AWFUL, I LIKE DOGS MORE THAN CATS!! AND I HATE DOGS!!!
Scraps: I'm not even really a cat technically...
Shrimpo: YOU HISS!! YOU'RE A CAT!!!
Scraps: I'm not taking this from a literal shrimp.

Scraps: I dont like your tone Shrimpo!
Shrimpo: I DONT LIKE YOUR EAR, HORN, THINGYS!!
Scraps: You. Take. That. Back.
Shrimpo: SHRIMPO NEVER APOLOGIZES!!!
Scraps: HISsss!","Shrimpo: I HATE YOU!!!
Shelly: Me?
Shrimpo: EVERYONE!!!
Shelly: ...Well, I guess that's better than just me?","Shrimpo: I HATE ELEVATORS.

Shrimpo: I HATE ELEVATORS A LOT!

Shrimpo: I HATE ELEVATORS SO MUCH!!!",,"Shrimpo: I HATE YOUR COOKING!!!
Sprout: And yet you still eat it! Interesting isn't it.
Shrimpo: WELL I HATE YOUR BEST FRIEND'S COoking... uh.
Sprout: . . .
Shrimpo: ...
Sprout: Don't.

Sprout: ...Really wishing this was over with sooner than later.
Shrimpo: SHRIMPO DISAGREES.
Sprout: Yeah well- Shrimpo disagrees with everyone and hates everything!
Shrimpo: I HATE THAT YOU'RE PUTTING JUDGMENT ON ME, SHRIMPO.
Sprout: Is it really judgment? Feels like a fact, or the truth!
Shrimpo: I HATE YOU!!! I HATE YOU, I HATE YOU, I HATE YOU GRAAAAH!","Shrimpo: I HATE WORMS WITH LEGS!
Squirm: WAHHHH! Shrimpo is right-snf
Shrimpo: I HATE THE WAY YOU CRY!

Shrimpo: I HATE YOU!! YOU HAVE TOO MANY LEGS!! WORMS DONT HAVE LEGS!!
Squirm: ...Snf- sniffle- SHRIMPO'S RIGHT!!! WAAAAAH!!!
Shrimpo: I HATE HOW LOUD YOU CRY!!","Shrimpo: I HATE YOUR DRESS!
Teagan: You know... Glisten said he liked it.
Shrimpo: I HATE GLISTEN, AND YOUR DRESS!
Teagan: What else do you hate...?
Shrimpo: I HATE THAT YOU ASKED WHAT I HATE.","Shrimpo: I HATE YOU, YOU'RE TOO CLEAN!!!
Tisha: No such thing as ""too clean"" Shrimpo!
Shrimpo: THERE IS NOW!!! AND IT'S YOU!! YOU'RE THE TOO CLEAN.
Tisha: That sentence doesn't make sense...
Shrimpo: YOU DON'T MAKE SENSE!!!","Shrimpo: I HATE ELEVATORS!
Toodles: Actually... they are kinda scary if you think about it-
Shrimpo: WE'RE GONNA CRASH!!!
Toodles: EEK-","Shrimpo: VEE!
Vee: . . .
Shrimpo: I HATE TELEVISION!
Vee: You done?
Shrimpo: I HATE NOT HAVING THE LAST WORD!",
SOULVESTER,,,,,,,,,,"Soulvester: Sister, even though we are apart most of the year, I must say- I wish it was longer.
Connie: Yuuup, same can be said here bro. You're way too serious all the time!
Soulvester: -And you are never serious enough. Though I will always be here as your protector.
Connie: I can be serious when I want to be! And sure- yeah... keep larping as a knight.
Soulvester: I AM a knight!
Connie: Sure, sure...",,,,"Soulvester: Eclipse, do you find yourself nervous? -I see your fur is a bit ruffled.
Eclipse: Oh that might just be static in the air! You should see me when I dry off! I'm so fluffy!
Soulvester: Ah I suppose that would make sense, ignore my trivial comments.
Eclipse: It's ok!! I know you're just super protective!
Soulvester: I am protective of all Toon's for that is my duty as knight, that of protector.

Eclipse: Soulvester! How do you always wear that armor? It must be so heavy!! Cause you're like sooo slow!
Soulvester: This stunning suit of armor may be cumbersome at times though it provides me great protection.
Eclipse: Yeah but you wear it when you don't really need protection!! Like all the time!
Soulvester: ...Yes well, I must admit, I simply do not find myself knightly without such.
Eclipse: ...So you just wear it? Like all the time?
Soulvester: ...Thou wouldn't understand.",,,"Soulvester: Flutter, your wings are still doing well I see. How have you been, my sister speaks so highly of you.
Flutter: ...!!!
Soulvester: What.
Flutter: !!
Soulvester: She said all that of me-? I see, well, do not fall for such lies.
Flutter: ..!!!",,"Soulvester: Gigi I see you are also here...wonderful.
Gigi: Heh I know sarcasm when I hear it! Come on Soulvester I know you can't handle my energy!
Soulvester: Your ""energy"" is foul.
Gigi: Just because me and Connie think you larping as a knight is dorky doesn't mean we think you're dorky.
Soulvester: I am not defined as ""dorky""...Dorky is not an adjective that describes me.
Gigi: Pft... alright, alright! Mwehehe-",,"Soulvester: Hm, your reflecting face is as almost as shining as my armor.
Glisten: Ooo! Armor! I love watching those old tales about the knight saving the princess!
Soulvester: Of course! A classic part one of the many duties a knight bears.
Glisten: Wow, so heroic of you!",,"Soulvester: You are being very brave today, my liege.
Gourdy: Why thank you! I am very brave today aren't I!
Soulvester: Of course, but even those who are brave have others whom they rely on.
Gourdy: Yeah...I get what you’re saying, uhuh...
Soulvester: Heed my words Gourdy, I have your best interests at heart.

Gourdy: Soulvester, are you doing okay??
Soulvester: I should be the one to ask you, my liege.
Gourdy: I keep telling you that isn't my name silly! I'm Gourdy!
Soulvester: ...Of course, my habits have bested me- Sir Gourdy.
Gourdy: Uhuh, Uhuh, yeah but Gourdy is my first name, not ""Sir""! Hehehe-
Soulvester: Haha...Now you are acting alike to a jester. You knew what I meant.",,,,,"Soulvester: Ribecca dost thou need any knightly assistance?
Ribecca: Nah, I don't have any uh ""quests"" for you or anything...
Soulvester: I see, well even if it is something as simple as fetching supplies, know I'd be here!
Ribecca: Alright! Maybe some time later when we get some new fabrics.

Ribecca: Hello Mister knight in shining armor, you know that you got some scratches on that armor?
Soulvester: Well I'd consider simply proof of my many expeditions in Gardenview.
Ribecca: You know I could always help fix that armor up for you pal.
Soulvester: Hark Ribecca, for I have no need...I am most comfortable within the suit of armor.
Ribecca: It'd only be for a moment Soulvester.
Soulvester: I refuse.",,,,,,"Soulvester: I am confident this next floor will end in victory.

Soulvester: Nothing will stop me for this venture.",,,,,,,
SPROUT,"Sprout: Astro?
Astro: ...
Sprout: Ahem- Astro!
Astro: -Yes Sprout?
Sprout: Keep focused, don't doze off when we're out here in danger.
Astro: Mhm... Sorry.

Astro: Sprout... Are you well?
Sprout: Eh... well enough? What do you want?
Astro: Nothing...! I just wanted to check in...
Sprout: Uh huh... No desserts you were looking for?
Astro: No not at all! Just- Nevermind...","Bassie: Sprout you're so kind to want to take care of everyone...
Sprout: Well it's nothing really! Just part of my nature I guess.
Bassie: Your nature to help others? Do you know what my nature is...?
Sprout: Huh? Haha... No, that's something you gotta find out yourself!
Bassie: Right... I guess you have a point, I hope I'm kind like you.
Sprout: Well, I think you’re kind if that’s worth anything.","Sprout: Blot are you meant to be dripping that much ink? You're not hurt are you?
Blot: .enif m'I (I'm fine.)
Sprout: It doesn't hurt to lose ink does it? That would be awful, you'd tell me right???
Blot: !tuorpS enif m'I (I'm fine Sprout!)
Sprout: If you say so, but know I'm here to help!","Bobette: Sooo, ever make a gingerbread house?
Sprout: Uhm, Nah, I mean I've tried but it fell apart.
Bobette: Maybe you should invite Ginger to help next time!
Sprout: Oh yeah Cosmo's cousin? She's great at decorating stuff.
Bobette: Mhm!","Boxten: Sprout, this might not be the best time to tell you this...
Sprout: -Huh? What? Are you okay?
Boxten: I-I'm okay! But uh, I did sort of lose that apron you got me.
Sprout: Ah just that! -Don't worry about it, I'll find you a new one later!
Boxten: Thanks, I appreciate it!","Sprout: Brightney please, please, PLEASE stay out of trouble...
Brightney: Why do you say that...?
Sprout: Well your light- It can get you easily seen.
Brightney: Oh! Yes! I'll be careful, or I'll try to be at least, thank you Sprout.","Sprout: Brusha, even though I'm sure I know your answer, how are you doing?
Brusha: Tch! What does it matter to you...? Pretending you care?
Sprout: Come on Brusha, I do care.
Brusha: You only care because the show said you had to.
Sprout: . . .
Brusha: ...I- ...I stand on what I said.",,,"Connie: Berry-boy, what's going on with you?
Sprout: Ugh... Did Vee tell you to call me that???
Connie: Pft- No, I just overheard her call you that and thought I'd give it a try!
Sprout: Well cut it out, I don't need any of your pranks, or tricks, or whatever you do.
Connie: Oh lighten up! Just a little tease!","Cosmo: Are you okay..?
Sprout: Are YOU okay-?
Cosmo: Ohh... Sprout, cmon I asked first.
Sprout: Well I asked louder! Cmon! You say first!
Cosmo: ...I'm okay.
Sprout: Good! Then I'm okay too!

Sprout: Hm... you ever notice the sign that says 'Delictable?'
Cosmo: The one in the dining section? Isn't it meant to be 'Delectable'?
Sprout: ...Yeah, yeah it is.
Cosmo: ...
Sprout: We're not fixing it are we?
Cosmo: Hehehe- Nope!",,,,,"Sprout: Hm... Maybe I can cook some seafood after this...
Finn: ...
Sprout: ...
Finn: Sprout?
Sprout: Finn, I mean this nicely- the fish in your head is a toy plastic fish.
Finn: He is so much more to me!!!","Flutter: ...?
Sprout: No, we're not making cookies of your face.
Flutter: ...???
Sprout: You remember what happened last time! Cosmo cried for a whole week.
Flutter: ...
Sprout: Yes Flutter, the gumballs for eyes were that scary- After they melted.

Sprout: Flutter, have you seen Gigi sneaking into the kitchen late at night?
Flutter: ...?
Sprout: Yes, it's about the missing aprons, where does she store them all??
Flutter: !!!
Sprout: It's fine, it's fine- I'll ask someone else about it.","Flyte: Sprout, I want to thank you on behalf of the other Easter Toons...
Sprout: Huh? For any reason in specific? Not that I'm complaining at all, thank you! Haha.
Flyte: The work you put in to make sure there are desserts and treats for everyone.
Sprout: Well it sure does cheer people up to have a nice sweet treat.
Flyte: Keep up the wonderful work.","Gigi: Pst, Sprout... it says gullible on the ceiling.
Sprout: ...
Gigi: Aw, cmon, not even a glance?
Sprout: Nope. I don't fall for that haha.
Gigi: Psh... alright.

Sprout: So are you, or are you not the one taking the aprons...?
Gigi: Mwehehe... mmmaybe.
Sprout: What would you need aprons for? Please, really, I want to know!
Gigi: Apron corner.
Sprout: What.
Gigi: I have a corner somewhere in Gardenview with MY apron collection.","Ginger: Sprout... How are you?
Sprout: Doing Good! Happy to have you around of course.
Ginger: Hehe... yeah, hope your baking has been well, I had some recipes to share.
Sprout: Oh yeah? Sounds like a good time! You'll have to show me the recipes soon.
Ginger: ...Will do!","Sprout: Glisten, doing alright? No injuries?
Glisten: Sprout, you're sooo clingy! I'm fine, perfect even!
Sprout: ...Is that a little crack on your mirror?
Glisten: OH MY GOODNESS -WHERE!?
Sprout: Right, so you're still doing ""perfect""...
Glisten: Sprout!! Don't tease me like that!

Glisten: Ugh.. All this running has me-
Sprout: Exhausted?
Glisten: YES! Of course... I can push through it though!
Sprout: Let me guess... because you're perfect?
Glisten: EXACTLY!! Sprout, look at you! So clever!","Sprout: Goob, don't your hands hurt dragging on the floor all the time?
Goob: Not at all! I'm used to it!
Sprout: Well, if you ever need a break from all the running around, you can tell me!
Goob: Nuh-uh! I'll be the one helping you!
Sprout: Hmm I don't think so.
Goob: I know so!

Goob: Sprout! You seem a little tense! Need a big hug?
Sprout: Nah... I'm good.
Goob: ...Are you sure?
Sprout: ...
Goob: -After this I can give you the biggest hug!! C'mon!!
Sprout: Hmmm, fine! After this.","Gourdy: Heya there Mister Seedly!
Sprout: Gourdy please just call me Sprout...
Gourdy: Oh! Right! Heya Sprout! Whatcha' Doing...?
Sprout: Thinking up a new recipe, I'll probably need a taste-tester though...
Gourdy: OH, OH, ME!!! Please, please!
Sprout: Haha- Of course... Pft- Mister Holloway.","Looey: Sprout, are you sure you have to take care of everyone's health?
Sprout: Looey, if I think you need some extra care, that's my call, we're a team!
Looey: ...I know but, I'd hate to waste your-
Sprout: Looey, you're never a waste of anything.
Looey: Sorry!! Never mind!! Pretend I didn't say anything!! HAHAHAha AHem-

Sprout: Maybe I should start keeping a list of every Toon's favorite flavor of cupcake.
Looey: Gee Sprout, that's a pretty kind thought, how many flavors are there?
Sprout: Well there's milk chocolate, vanilla, dark chocolate, lemon, white chocolate, red velvet-
Looey: Strawberry?
Sprout: Oh! Yeah, I was going to get to that one haha!","Pebble: Bark! Bark!
Sprout: No, I don't have any treats for you.
Pebble: ...
Sprout: ...Pebble?
Pebble: ...
Sprout: ...I really gotta tell Dandy about your staring problem.

Sprout: You're a good pet rock when you want to be Pebble, you going to be good this next floor?
Pebble: Bworf.
Sprout: Yeah?
Pebble: ...Bwoarf.
Sprout: ...Alright.","Poppy: SPROUT!!
Sprout: Poppy??? -Are you okay?
Poppy: No! The big question is… Are you okay!
Sprout: Phew, yeah… Don't scare me like that though.
Poppy: I'm sorry, it WILL happen again! Hehe!","Sprout: Razzle, Dazzle, need anything?
Razzle & Dazzle: Not really? (...Why do you ask?)
Sprout: Well, I just know you both get along with Astro...
Razzle & Dazzle: Yeah? (...We're all friends.)
Sprout: AND… I respect you guys, just want to make sure you're both fine.
Razzle & Dazzle: Well that's kind! (...Hm.)",,"Rodger: Sprout were you interested in an interview?
Sprout: Nope, and don't go asking Cosmo about me either.
Rodger: Ah... I see.
Sprout: Best you keep to yourself Rodger, that's safer.
Rodger: It may be safer, but uncovering truths is more rewarding!
Sprout: ...Sure Rodger, Sure.",,"Scraps: Sprout! Buddy! Pal! Best friend!
Sprout: Scraps, we are not best friends-
Scraps: Yeah well... I meant to just ask if you could answer a question?
Sprout: It's fine, what is it?
Scraps: I ran out of red paint, do you think ketchup can substitute-
Sprout: Scraps no, before you even finish that sentence... do NOT use ketchup.","Shelly: Sprout! Have I told you about some prehistoric plants?
Sprout: Yeah, a couple times actually.
Shelly: Oh, well, uhm... Did you want to hear more???
Sprout: ...Sure, as long as Cosmo can join us later.
Shelly: DEAL!! You two are going to looove the Cycadophyta!

Sprout: I think I tore my scarf a little.
Shelly: Oh I have a friend who's teaching me some about sewing!
Sprout: ... You sew?
Shelly: Well it's a little side hobby!
Sprout: You know Cosmo is teaching Boxten how to bake.
Shelly: Ooo! Maybe I should ask him for some tips so I can have more hobbies!","Shrimpo: I HATE YOUR COOKING!!!
Sprout: And yet you still eat it! Interesting isn't it.
Shrimpo: WELL I HATE YOUR BEST FRIEND'S COoking... uh.
Sprout: . . .
Shrimpo: ...
Sprout: Don't.

Sprout: ...Really wishing this was over with sooner than later.
Shrimpo: SHRIMPO DISAGREES.
Sprout: Yeah well- Shrimpo disagrees with everyone and hates everything!
Shrimpo: I HATE THAT YOU'RE PUTTING JUDGMENT ON ME, SHRIMPO.
Sprout: Is it really judgment? Feels like a fact, or the truth!
Shrimpo: I HATE YOU!!! I HATE YOU, I HATE YOU, I HATE YOU GRAAAAH!",,"Sprout: Did I remember to turn off the oven? Hope so!

Sprout: I wonder if we'll get a snack break!

Sprout: I could be baking right now.","Sprout: Hey Squirm... Heard you're still having a couple small issues going on?
Squirm: W-WHO TOLD YOU!?
Sprout: It doesn't matter who told me. Did you need any help at all...?
Squirm: Snf... sniffle- M-maybe a little...
Sprout: Alright, lets get you some apple pie after this, does that sound good...?
Squirm: ...Mhm that's my favorite.","Teagan: Sprout, will you be joining me for tea at some point?
Sprout: No.
Teagan: -Cosmo will be there.
Sprout: ...I'll consider.","Sprout: Tisha can you clean the-
Tisha: Nope.
Sprout: Tisha... Tisha please, the-
Tisha: Sprout, this would be the fourth time I clean the kitchen this week.","Sprout: Heya kiddo, holding up alright?
Toodles: Mhm...
Sprout: If anything scares you, know you can come find me.
Toodles: Okay! I know!
Sprout: I'll lift you up where no scary thing could ever get to you!
Toodles: Hehehe- I get it I get it!!!

Toodles: Sprout...?
Sprout: Toodles?
Toodles: . . .
Sprout: Did you need something kiddo?
Toodles: Uh, I just wanted to make sure you were still there.
Sprout: Well, I'm still here with you haha, not zoning out.","Vee: Hey Berry-boy.
Sprout: You're still calling me that?!
Vee: You're a berry, you're a boy.
Sprout: Alright Outdated-tech.
Vee: ...-Sheesh.
Sprout: Sorry, that one was probably a bit far.

Sprout: You still arguing with Dandy?
Vee: I try to, but he just walks away when I approach most the time.
Sprout: Yeah that sounds about right, he does the same to me.
Vee: Yeah but he'll talk with-
Sprout: Vee. I know.
Vee: Whatever, we'll chat more on it later if you want.","Sprout: Yatta... you really have to calm down with how much candy you eat.
Yatta: WHY!?
Sprout: It's a bit concerning honestly.
Yatta: WHAT? ME?? CONCERNING???
Sprout: Uh, yeah, you concern me like almost always.
Yatta: HAHA-! I get that A LOT MORE than you'd think!"
SQUIRM,"Squirm: Astro... a-are you still mad at m-me...? sniffle- snf-
Astro: What...? No, no of course not, why would I be mad at you...?
Squirm: ... Than why a-are we in a nightmare right now?
Astro: Oh... Squirm, we're not in a nightmare... we're awake.
Squirm: Sniffle, snf-
Astro: ...Don't cry Squirm, I'll be here to help.

Astro: ...I'm a bit tired.
Squirm: ...M-maybe if I work even harder next floor, you'll have to do less-!
Astro: That's very kind Squirm, but, I wouldn't want you working harder for my sake.
Squirm: B-but I want to help you!
Astro: I know... just keep your head up, and don't panic you're doing well.","Bassie: Squirm, I noticed you crying often...
Squirm: You did...? Oh nooo... I-I'M SORRY! I DON'T MEAN TO! I- I- SNF-
Bassie: Wait no, don't cry now! I only said that because maybe I could help...?
Squirm: You.. want to help me? Snf- sniffle- I-I don't know Bassie...
Bassie: I'm capable.
Squirm: O-oh... I-I uhm... I wasn't questioning that... Snf-","Squirm: Blot... a-are you scared too...?
Blot: .yllaer toN (Not really.)
Squirm: ...
Blot: ?uoy od ,em dnatsrednu t'nod uoY (You don't understand me, do you?)
Squirm: ...Snf...sniffle-",,"Squirm: Snf... sniffle-
Boxten: Hey Squirm... You alright...?
Squirm: Noooo.... everything is AWFUL!!!
Boxten: But wait- there's that one thing... or uhm no wait- there's uhm... Huh.
Squirm: SEE, EVERYTHING IS AWFUL!!! WAAAH!!!
Boxten: ...O-oh my, I'll uh...uhm- forget I said anything!","Squirm: Brightney I-I was wondering uhm... do you think I-I could rejoin the book club...?
Brightney: I'm not sure I can allow for that! You know why you were removed from the club...
Squirm: I-I know... snf- sniffle-
Brightney: Aw... don't cry Squirm, the choice is for your own good, we all really care about you.
Squirm: I-I know....

Brightney: Hey Squirm, you're doing very well
Squirm: I-I am...? I thought I was being- s-so- SO AWFUL!!
Brightney: Aww... No, no, don't think that way! Remember when we're stressed, we...
Squirm: We take a big breath...?
Brightney: And...?
Squirm: We take a big breath, and don't eat the nearest book.","Brusha: I could easily capture your terribly sad aura through my art medium.
Squirm: ...O-oh, I'm sorry...
Brusha: Don't be, an artist such as myself can find great inspiration in your very frequent tears.
Squirm: ...W-what?
Brusha: Tch- Of course you struggle to understand... I want to paint you a portrait.
Squirm: OH! That's nice...I think? ...I hope-",,,"Squirm: Connie...?
Connie: What is it worm buddy?
Squirm: Worm buddy...? W-we're friends??? Buddies...???
Connie: Well I meant it more so as a little nickname-
Squirm: I-I don't have many Friends... snf... This... this is amazing- sniffle-
Connie: Oh,,,erm... Yeaaa, we're friends. Sure.","Squirm: Snf... sniffle-
Cosmo: Is something on your mind...?
Squirm: I-I thought back to... a r-really SAD STORY REALLY, REALLY, SAD-
Cosmo: Woah, woah... it's going to be alright! It's just a story, I'm sure there's other things to focus on.
Squirm: YOU'RE RIGHT! Snf- WORSE THINGS!!! WAAAH!!!
Cosmo: ...There, there- I'll let you just get all out your emotions.",,,,,"Finn: You know some fish get excited when they get to eat a worm!
Squirm: W-what...?!
Finn: Yeah! Worms get washed into water from the rain, and it's a nice change in diet for fish!
Squirm: Why would you ever tell me this!? THAT'S AWFUL!!!
Finn: Heh, don't worry Squirm! You're much bigger than an actual worm!
Squirm: Snf... I-I guess so...","Flutter: ...?
Squirm: I know Flutter... I thought so too...
Flutter: ...???
Squirm: I KNOOOW!!! b-but HE said I'm a book worm and so... I MUST be a book worm!
Flutter: ...!
Squirm: ...Sorry Flutter, m-maybe we can spend some time together after this...","Squirm: I-I'm not sure if this is odd to say, but your wings a-are amazing!
Flyte: Why, thank you! -though my sister is far better at flying.
Squirm: ...B-but, you can still fly- right?
Flyte: Yes, even though I'm a tad bit out of practice, I can fly!
Squirm: ...Snf- sniffle- you're sooo amazing... Snf-
Flyte: ...Thank you.

Flyte: Squirm, you're always so kind to me, know that I appreciate it.
Squirm: R-really...? Oh wow... I-I appreciate you!
Flyte: There you are, being so kind again!
Squirm: Haha... yeah...
Flyte: If you continue to be so kind, I might just have to invite you to scrapbooking time.
Squirm: Scrapbooking...? Oh nooo... UHM- I-I mean! Y-yea! Sure! Just us-! And books...","Gigi: Squirm, you could be  lot of help in one of my super sweet plans.
Squirm: ...I-I could...?
Gigi: For sure! -How many backpacks could you wear... more than two I'm sure.
Squirm: ...Ive never checked how m-many backpacks I could wear.
Gigi: We're gonna have to change that! I'll need the help carrying all the cool stuff we'll get!
Squirm: Like...borrow? ...borrowing right? Not stealing...? Gigi? . . . Gigi?",,"Squirm: I-I can't handle this all! I'M A FAILURE!!
Glisten: Oh come now Squirm, you're not a failure! You're being far too hard on yourself!
Squirm: That's easy for you to s-say... you're perfect at everything...
Glisten: Yes Squirm, yes I am...b-BUT! That doesn't mean you can't be ALMOST as perfect as me!
Squirm: O-okay...snf- sniffle-
Glisten: See! Now try being a bit more like me this next floor, perfect!","Squirm: Snf... sniffle-
Goob: Awww, someone sounds like they need a big hug!
Squirm: Y-yes please-
Goob: Don't you worry! My big sister says I give the best hugs! So you're in luck!!
Squirm: M-me...? lucky...? ...Hehe... I feel better already.",,"Squirm: I-I'm so nervous... what if the elevator just decided to fall!! THEN WHAT
Looey: . . .
Squirm: WHAT IF!?- Oh no, oh no, ooooh NO-!!
Looey: Squirm... I think you're overthinking things- just a bit!
Squirm: B-But...
Looey: Don't continue- You ever hear a clown panic? ...It's NOT as funny as you'd think","Squirm: I thought about having a pet of my own once... I-I read on it some.
Pebble: Bark? Bark!
Squirm: I-I couldn't finish reading the book though, snf- sniffle- on account of- of-
Pebble: Bark! Arf!
Squirm: Snf... sniffle- sorry Pebble- I-I won't cry...","Poppy: Heya Squirm! I had a question! Do books have unique flavors?
Squirm: W-what...? Why are you asking...???
Poppy: I have to know! What if you have a favorite flavor of book? And I just had no idea!
Squirm: What would even be a flavor...? The genre of book...? The type of cover? The page count???
Poppy: Good point! But you're the one who would have that answer!
Squirm: I-I don't like this question! M-maybe ask Brightney, she's has answers to things...","Razzle & Dazzle: Squirm, how are you? (Hopefully, you're feeling better...)
Squirm: Dazzle! ...Razzle- uhm, I'm ok... did you both want to maybe chat sometime...? Catch up?
Razzle & Dazzle: I'm not sure- (We should make some time for that...)
Squirm: I-I don't get to see you both as often since I stopped going to book club sessions...
Razzle & Dazzle: If Dazzle would like I'm sure we can find some time, right? (...Right)
Squirm: Thank you! ...snf- Thank you...

Squirm: W-what if... WHAT IF THE NEXT FLOOR IS WORSE! W-what if it's THE WORST FLOOR EVER!?
Razzle & Dazzle: Woah woah- (Squirm... you may be overthinking things some... Breathe.)
Squirm: B-BUT... WHAT IF!?
Razzle & Dazzle: Or...This could be great knowing we have each other! (That's right... See Squirm, you're with us.)
Squirm: ....You're both right... Having you around does make this a-a bit better.",,"Rodger: You wouldn't happen to have seen anything suspicious recently... have you?
Squirm: I-I have! IT WAS AWFUL! I... I dropped a pen I was using a-and it rolled under a table...
Rodger: I'm not sure if that's something I'd ever label as ""suspicious"" ...But continue.
Squirm: N-NO WAIT! But... but the pen when I went to grab it, WAS GONE-!!!
Rodger: ...Last time you mentioned something disappeared, we found it within ten minutes of searching.
Squirm: BUT RODGER W-WHAT IF THIS TIME SOMETHING REALLY DID DISAPPEAR!!",,"Scraps: Squirm... I know sometimes Gigi takes a few of my paints, but now my sketchbook is gone.
Squirm: . . . O-oh no...
Scraps: Squirm.
Squirm: OOOOH NOOOO....!!!!
Scraps: SQUIRM- DID YOU EAT MY SKETCHBOOK?! SQUIRM!!! -WHY???
Squirm: Y-you know I can't help it! ...I-I'M SORRY!!!","Shelly: Phew... feel like I could have done a bit better-
Squirm: Me too... I-I did awful... I-I'M SO USELESS!!! WAAAAAH!!!
Shelly: ...I'm not sure if I'd go as far as to say that.
Squirm: Y-you're right... I could be doing worse... -OH NO, I COULD BE DOING WORSE!!!
Shelly: ...Please don't cry! Please, please, please don't cry!
Squirm: OH NOOOO, I AM MAKING THINGS WORSE! WAAAAH!!!","Shrimpo: I HATE WORMS WITH LEGS!
Squirm: WAHHHH! Shrimpo is right-snf
Shrimpo: I HATE THE WAY YOU CRY!

Shrimpo: I HATE YOU!! YOU HAVE TOO MANY LEGS!! WORMS DONT HAVE LEGS!!
Squirm: ...Snf- sniffle- SHRIMPO'S RIGHT!!! WAAAAAH!!!
Shrimpo: I HATE HOW LOUD YOU CRY!!",,"Sprout: Hey Squirm... Heard you're still having a couple small issues going on?
Squirm: W-WHO TOLD YOU!?
Sprout: It doesn't matter who told me. Did you need any help at all...?
Squirm: Snf... sniffle- M-maybe a little...
Sprout: Alright, lets get you some apple pie after this, does that sound good...?
Squirm: ...Mhm that's my favorite.","Squirm: Snf... sniffle-

Squirm: W-what if the next floor- IS EVEN WORSE!

Squirm: I-I just wanna lay on the floor…snf- sniffle…","Teagan: I was looking for a book I was reading, a mystery novel... but recently my book has gone missing.
Squirm: ...Oh.
Teagan: Now, I'm not one to accuse others ever, especially without any prior evidence...
Squirm: ...Oh...no...
Teagan: Squirm, did you eat my book?
Squirm: -It WAS me! I'm sorry... I-I really didn't mean to... I'll try and it make it up to you!!","Tisha: Squirm, next time you decide to have a snack, could you pick up the mess of paper?
Squirm: W-what if someone left those... Scraps draws... Brusha uhm... also draws...
Tisha: They had bite marks out of them.
Squirm: ...Snf- sniffle-
Tisha: Don't cry... just, pick up the paper next time.","Toodles: Do you know how to dance??
Squirm: Not really... I-it would be difficult with four legs I'd guess...
Toodles: You'd guess??? SO YOU NEVER TRIED!
Squirm: Sniffle- ...Noooo.
Toodles: You should try!! Dancing is super fun!
Squirm: I-I'd rather not...I could get hurt! And it could be NOT fun! And that'd be awful...","Squirm: Vee... are you a-alright?
Vee: Why do you ask?
Squirm: I was told to check in on you... S-something about your batteries? Or was it the microphone?
Vee: Well I'm doing great. Better than ever. I'm actually at my most optimal right now!
Squirm: Oh... really? I-I didn't know...
Vee: Yup, you had no idea. I'm at the best point I could ever perform at, no need to question that.",
TEAGAN,"Teagan: Astro, are you still talking with... Him?
Astro: Yes... well, sometimes... not as often...
Teagan: Goodness Astro, you need to make up your mind!
Astro: ...Sorry.

Astro: Teagan, are you planning one of your gatherings anytime soon?
Teagan: Astro! Why of course, I always love a good tea party!
Astro: Good, good... I could use a nice tea to calm down after this.
Teagan: I'll have you an iced tea ready, just the way you like!",,"Teagan: Blot are you doing well?
Blot: ?uoy dna ,ma I (I am, and you?)
Teagan: I'm doing lovely, though I've so many tea parties to plan. Care to join one?
Blot: -fo derit fo tros neeb ev'I ereht t'nera nniF ro sparcS yllufepoh ,dab dnuos t'nseod yltsenoh tahT (That honestly doesn't sound bad, hopefully Scraps or Finn aren't there I've been sort of tired of-)
Teagan: Oh! I know! - There is one I could invite you to that has Scraps and Finn! You can join that tea party!
Blot: taeeerg hO... (...Oh greeeat)",,"Teagan: Stressed Boxten...?
Boxten: Oh! Only a little...
Teagan: Maybe a herbal tea would soothe you down after we finish here.
Boxten: That would be nice...Thank you.","Teagan: Brightney, how is your book club going?
Brightney: It's going well! Would you like to join us sometime?
Teagan: Sorry Brightney, I'm much too busy with my tea parties. Perhaps another time?
Brightney: Of course! If you ever have some free time, I've got the perfect book for you!","Brusha: Teagan, are you looking for another art piece anytime soon?
Teagan: Of course, I love your art!
Brusha: Thank you, its lovely to know SOMEONE has good taste.
Teagan: Brusha, what did I say about small comments like that?
Brusha: ...Right, “Don't talk lowly of others”... even if they are deserving.
Teagan: Maybe I should schedule us a few more one on one discussions over tea...","Coal: Bork... bwoof, bwoof.
Teagan: Well, at least you're more behaved than Pebble.
Coal: ...Bork.",,"Connie: Hey Teagan, could I maybe-
Teagan: No, you may not come to another tea party.
Connie: What!? Why?!
Teagan: Connie, you haunted the kettle and spun it around in the air for an hour.
Connie: Good times... Ah, what fond memories!
Teagan: No Connie! NOT fond memories! Poor Dazzle got tea in his eyes!","Teagan: Excuse me Cosmo, do you have a moment?
Cosmo: Sure! Anything I can help with?
Teagan: If it's not too much trouble, would you be willing to bake some cookies for me?
Cosmo: Oh, of course! Hosting another tea party?
Teagan: Not this time, I simply adore your cookies with my tea! I can't get enough of them.
Cosmo: Haha, I'm glad you enjoy them! I'll try to make some when I'm able to!",,,,,"Finn: Heya Teagan I was wondering, what type of tea do you carry?
Teagan: ...Carry? As in what's in my head?
Finn: Yup!
Teagan: Sweet Tea.
Finn: Ooo! That's why you're so sweet!
Teagan: Haha, You're too kind.

Teagan: Finn, would you like to join my next tea party?
Finn: Nope! No interest! I only drink water.
Teagan: Well... I could simply serve you water instead of tea?
Finn: You can just do that at a tea party???
Teagan: I'm sure no one would mind! Please do consider the invite.","Flutter: ...?
Teagan: You wanted some tea later?
Flutter: ...!
Teagan: Of course Flutter! I'll get to it once i'm free.",,"Teagan: Gigi, I noticed that one of my bags of sugar is missing.
Gigi: It was Yatta, not me! I'm innocent!
Teagan: And what makes you so certain it was Yatta?
Gigi: I watched her take it before I had the chance to grab it myself!
Teagan: ...Right.",,"Glisten: Teagaaan!
Teagan: Oh my! What is it?
Glisten: I love the dress you're wearing.
Teagan: ... Was that all you wanted to say Glisten?
Glisten: Hmmm, yeah about so!","Teagan: Care for some tea after this Goob?
Goob: ...Are you sure? I dropped the cup last time!
Teagan: Don't worry my friend! I've found straws recently.
Goob: Oooo~! That sounds fun! Do the straws bend?
Teagan: Yes.
Goob: YAAYY!!!",,"Looey: Hey Teagan, I think your tea parties could use some entertainment!
Teagan: I believe my tea parties are entertaining enough Looey, but thank you for the offer.
Looey: But there aren't any clowns! Or acrobats! Or mimes!
Teagan: My tea parties don't need a circus troupe to be entertaining.
Looey: If you say so, but the offer is still on the table if you change your mind!","Teagan: Goodness... what's the rock doing here?
Pebble: Grrr...
Teagan: Such terrible manners! Didn't Dandicus ever teach you good manners?
Pebble: Arf! Bark bark!
Teagan: ...I suppose not.","Poppy: Heya Teagan! When's the next Tea party planned?
Teagan: I'm not sure yet, but I can always make time for one if you'd like!
Poppy: Yay!! Do you remember my favorite tea??
Teagan: Of course, Bubble Tea for you!
Poppy: OMG... you do remember.","Teagan: Razzle and Dazzle, the twins! How are you two today?
Razzle & Dazzle: We're doing alright! (Pretty good, all things considered...)
Teagan: Will you two be attending my tea party later?
Razzle & Dazzle: Wish we could! (We have book club with Brightney at that time...)
Teagan: Oh, that's too bad then. You both have fun!
Razzle & Dazzle: Definetly will have fun! (...Razzle, you always fall asleep a couple minutes into reading-)",,"Rodger: Teagan I must say, how do you keep your fluffy boa so clean?
Teagan: Ah! I make sure no Ichor gets on it of course!
Rodger: You must be very good at dodging then!",,"Teagan: Scraps, how good are you at painting?
Scraps: I think I'm pretty good at it! Why do you ask?
Teagan: Would you be interested in painting a couple of my teacups? They could use some variety.
Scraps: Ohh, I see! Yeah, I can help you with that, no worries!
Teagan: Splendid! I'll come find you later.","Teagan: Shelly, how have you been?
Shelly: Ah! Doing good... well sorta-ish!
Teagan: 'Sorta-ish'? Why don't we have tea after this.
Shelly: That would be nice yeah... where?
Teagan: My room after we finish here, I expect you on time.
Shelly: Got it! You can count on me!","Shrimpo: I HATE YOUR DRESS!
Teagan: You know... Glisten said he liked it.
Shrimpo: I HATE GLISTEN, AND YOUR DRESS!
Teagan: What else do you hate...?
Shrimpo: I HATE THAT YOU ASKED WHAT I HATE.",,"Teagan: Sprout, will you be joining me for tea at some point?
Sprout: No.
Teagan: Cosmo will be there.
Sprout: ...I'll consider.","Teagan: I was looking for a book I was reading, a mystery novel... but recently my book has gone missing.
Squirm: ...Oh.
Teagan: Now, I'm not one to accuse others ever, especially without any prior evidence...
Squirm: ...Oh...no...
Teagan: Squirm, did you eat my book?
Squirm: -It WAS me! I'm sorry... I-I really didn't mean to... I'll try and it make it up to you!!","Teagan: I wonder what kind of tea I should have after this.

Teagan: I hope my handle's still intact.

Teagan: I hope this doesn't take too long.","Teagan: Tisha, would you like some tea later?
Tisha: As always!
Teagan: Of course, you're always so punctual!
Tisha: Oh I try to be!

Tisha: So... how have your tea party sessions with her been?
Teagan: Who's her- OH, right, yes not much progress but she's trying.
Tisha: ...
Teagan: I promise she really is.
Tisha: Right... Thanks Teagan.","Toodles: Teagan... are we going to have a tea party later?
Teagan: For you? Of course!
Toodles: YAY!
Teagan: Haha! Settle down now, we have to focus!","Teagan: Vee you could try to be a tad kinder.
Vee: Kinder? You're acting like I'm rude or something.
Teagan: Well... sometimes you come off a bit, how do I put it-
Vee: ...
Teagan: -A bit harsh?
Vee: ...I don't think so.

Vee: Teagan.
Teagan: Vee?
Vee: I’m trying to start conversation, but honestly, I don’t care about tea.
Teagan: I could assume why… Does that mean you dislike me?
Vee: No, of course not, you’re a whole toon, not some regular teacup.",
TISHA,"Tisha: I've been so busy! I almost need an extra set of arms to help me out!
Astro: ...
Tisha: Oh? Is there something wrong Astro?
Astro: Nothing..

Astro: Tisha my room is a bit messy again...
Tisha: Again? Astro!
Astro: ...I'm sorry, I could use the help.
Tisha: I know, you get tired, I understand! Do try and be considerate of my time though!
Astro: ...Sorry",,"Tisha: Blot please, please, PLEASE stop making such a mess wherever you go!
Blot: ?kni gnieb pots tsuj nac I kniht ehs seoD (Does she think I can just stop being ink?)
Tisha: What'd you say...? Nevermind that! Just stop making a mess please?
Blot: .elbissopmi yllacisyhP (Physically impossible.)
Tisha: This is like... my worst nightmare, AND I'VE SEEN GIGI'S ROOM!

Blot: !peews attog I !em ta kooL (Look at me! I gotta sweep!)
Tisha: Did you say something?
Blot: .oN (No.)","Bobette: Tisha, are you hoping for the same gift as last year? and uhm... the year before that? Haha-
Tisha: Mhm! Cleaning supplies.
Bobette: Yeaaah, that's what I thought.
Tisha: Maybe we could get a little crazy this year and toss in a new mop!
Bobette: I'll see what I can do...","Boxten: Tisha! Good to know you're here...!
Tisha: Of course! I'll be sure to keep this elevator real clean!
Boxten: Huh... how clean?
Tisha: Shining, sparkling, so clean you'll need a wet floor sign!
Boxten: Oh.","Tisha: You know, Brightney, we should start like a cleaning club!
Brightney: That's very sweet but I'm already president of a book club!
Tisha: Aww man! I just think we'd make a good team!
Brightney: Hahah, maybe I'll make an exception!","Brusha: Tisha! I've been working on TONS of new pieces lately...! You should uhm-
Tisha: ...
Brusha: …RIGHT! You're still doing the whole… ignoring me thing.
Tisha: …Hm
Brusha: Well- HAHAhaa... You're always welcome to come visit! But you probably knew that.
Tisha: ...

Tisha: That last floor wasn't so bad!
Brusha: Of course it wasn't! Not when we work so well with one another! Right?
Tisha: ...
Brusha: OH COME ON, can't you even AKNOWLEDGE ME! -I was saying a NICE thing!
Tisha: Don't raise your voice Brusha-
Brusha: UUugh!! . . . Yes Tisha.

Brusha: ...Stop looking at me that way.
Tisha: ...Sorry.
Brusha: ...
Tisha: ...
Brusha: ...I can't stand being in this elevator.
Tisha: ...Sorry Brusha.

Tisha: Brusha, do you want something to tie your bristles back?
Brusha: You know I don't want any help from you.
Tisha: Right, I just have a habit of asking-
Brusha: -The show was years ago, get over it.
Tisha: You know, I think you're capable.
Brusha: It doesn't feel like it.",,"Cocoa: Hiya, Tisha! Need any help cleaning at all?
Tisha: Oh, no thank you Cocoa. It's very kind of you to offer though!
Cocoa: Are you sure? You're usually the only one cleaning, so I thought you'd like some help!
Tisha: No, I'm fine Cocoa. Thank you though, really!
Cocoa: Well alright, I guess!","Tisha: Connie, keeping tidy?
Connie: Yes.
Tisha: Are you..? Seems like a fast response.
Connie: Tisha, please, my room has like… nothing.
Tisha: Oh? Maybe I could help decorate!
Connie: Maybe.","Cosmo: Tisha how are you doing...?
Tisha: Well... I could be better!
Cosmo: Right, I could agree there.
Tisha: That I could be better?
Cosmo: Oh! No! I mean, I feel the same way!
Tisha: -I was about to say! Hahaha...",,,,,"Finn: Heya Tisha have you heard of the-
Tisha: Before you continue, I do not want to play into the fish puns today Finn.
Finn: . . .
Tisha: Finn...?
Finn: WHALE, I guess I'll just SEA myself out-!
Tisha: . . .Ok Finn, ok.","Flutter: ...???
Tisha: No there isn't anything in your fur!
Flutter: ...?
Tisha: Of course I'd tell you if there was haha, I do love things clean!",,"Gigi: Tisha, when are we hanging out at my place again?
Tisha: Never again Gigi...
Gigi: Huh. Why is that again?
Tisha: I told you not until you clean up that room a bit, it's a mess in there!
Gigi: NEVER!!! I'll never get rid of all my cool stuff!!!",,"Tisha: Glisten how do you keep your glass so clean?
Glisten: It's simple really! I've got a morning routine.
Tisha: What's the morning routine?
Glisten: ...A secret.
Tisha: You just use a towel don't you?
Glisten: Hush, hush- Let's focus now haha!","Goob: Tisha you're so busy all the time!
Tisha: Well I wouldn't be as busy without everyone causing a mess!
Goob: Good thing I don't!
Tisha: Goob, you shed.
Goob: I WHAT!?
Tisha: Uh, nevermind! I didn't say anything- Haha...",,"Tisha: Looey please tell Yatta to clean her room.
Looey: Why don't you tell her...?
Tisha: Well she listens to you more than me.
Looey: Ah, well, I'm not getting involved in this one.
Tisha: Oh come on!
Looey: Nope! This is between you both, subtract the Looey in your math!","Pebble: Bark ARF!
Tisha: I'm honestly surprised you're not sitting with Dandy in his shop.
Pebble: ARF!! BARK!!
Tisha: Mostly with how much I've seen him pamper you all the time-
Pebble: Grr...
Tisha: Ah! Right! Sorry! I'm sure you want to help out! Right! Nice pet rock!","Tisha: Poppy, how good are you at cleaning?
Poppy: I'm not the greatest, why do you ask?
Tisha: Well, bubbles are usually made out of soap!
Poppy: OOOH, and soap is clean!
Tisha: Exactly!
Poppy: Cool! I'm still not good at cleaning, though!","Razzle & Dazzle: Wow Tisha, you're hard at work! (Maybe overworking even...)
Tisha: Don't you worry a thing, Dazzle! Someone has to keep things clean!
Razzle & Dazzle: That is true! (Please take breaks...",,"Rodger: Tisha, think you could find the time to help me organize some files later?
Tisha: Ah record keeping some new data?
Rodger: Yes, I trust only your eyes to help and keep things silent.
Tisha: I know that one isn't true, you have a few trusted Toons in your corner.
Rodger: Yes, well, some of my trusted friends don't know how to organize well.",,"Tisha: Scraps, did you clean up your room from all the yarn?
Scraps: Huh?? Oh... uh nooo...
Tisha: What! But it's a mess, didn't you say you would?
Scraps: Well, I changed my mind! I like the yarn. Even if I trip some.
Tisha: Oh goodness. We'll talk later on it.","Tisha: Heya Shelly, you alright?
Shelly: Oh! Yeah, yeah, just thinking!
Tisha: Ah, just know I've got your back alright?
Shelly: Heh, of course...! And I've got you! Let's do this!

Shelly: Heya Tisha! Think you could help me again?
Tisha: Uh huh! Like cleaning up a fossil right?
Shelly: Yup! After this I got a few to put together.
Tisha: Sounds fun! Can't wait Teehee!","Shrimpo: I HATE YOU, YOU'RE TOO CLEAN!!!
Tisha: No such thing as ""too clean"" Shrimpo!
Shrimpo: THERE IS NOW!!! AND IT'S YOU!! YOU'RE THE TOO CLEAN.
Tisha: That sentence doesn't make sense...
Shrimpo: YOU DON'T MAKE SENSE!!!",,"Sprout: Tisha can you clean the-
Tisha: Nope.
Sprout: Tisha... Tisha please, the-
Tisha: Sprout, this would be the fourth time I clean the kitchen this week.","Tisha: Squirm, next time you decide to have a snack, could you pick up the mess of paper?
Squirm: W-what if someone left those... Scraps draws... Brusha uhm... also draws...
Tisha: They had bite marks out of them.
Squirm: ...Snf- sniffle-
Tisha: Don't cry... just, pick up the paper next time.","Teagan: Tisha, would you like some tea later?
Tisha: As always!
Teagan: Of course, you're always so punctual!
Tisha: Oh I try to be!

Tisha: So... how have your tea party sessions with her been?
Teagan: Who's her- OH, right, yes not much progress but she's trying.
Tisha: ...
Teagan: I promise she really is.
Tisha: Right... Thanks Teagan.","Tisha: I think I missed a spot!

Tisha: This elevator's so gross! It needs like 3 deep cleanings.

Tisha: Where's my spare feather duster?","Tisha: Toodles, how's your little adventures with Rodger?
Toodles: They're not little adventures first off!! They're BIG adventures.
Tisha: Oh! My mistake, how are your... BIG adventures with Rodger?
Toodles: He uh... doesn't take me on a lot of them.
Tisha: Well that's just because he cares for your safety.
Toodles: Yeah, yeah, I get it! Safety! And being safe! Bleh...!","Tisha: Vee.
Vee: Tisha.
Tisha: ...
Vee: . . .
Tisha: Hmph!

Vee: Tisha, any reason you're not talking with me?
Tisha: I have my reasons Vee.
Vee: Wow, so descriptive.
Tisha: I just think, you don't appreciate certain things here in Gardenview!
Vee: Still not very descriptive!
Tisha: UGH! Forget it-!","Tisha: Yatta, please... pick up after yourself with the candy!
Yatta: I CAN'T CARRY IT ALL!! Trust me, I would if I COULD!!!
Tisha: Yatta, PLEASE.
Yatta: I DON'T KNOW WHAT TO TELL YOU!!!"
TOODLES,"Astro: Hmm...hmm...
Toodles: I like when you hum little songs!
Astro: Ah... really?
Toodles: Yeah makes me sleepy! Like you!
Astro: Hm, I see..",,"Toodles: Blot!
Blot: ... (...)
Toodles: Hey! Hey! Blot! Heeey!
Blot: ?...seY (Yes...?)
Toodles: Hehehe! I got you to talk!
Blot: -tfP ...revocer I lliw woh ho ,on ho ,detramstuo ,yob hO (Oh boy, outsmarted, oh no, oh how will I recover... Pft-)","Bobette: Toodles, I noticed you have a veeeery long list of toys you'd want for Christmas.
Toodles: Yeah! I couldn't really decide, there is just so many cool things I could think of!
Bobette: ...Now don't get me wrong, I'm thrilled that you're so excited! -But I think you may want too many toys.
Toodles: Bobette Carolynne, there is NEVER too many toys.
Bobette: Hahah... Did Rodger tell you my full name-???
Toodles: Uhmmmm….noooo….maybe.","Boxten: Hey Toodles I noticed that art you drew for Poppy...!
Toodles: Uhuh! Wait- where'd you see it?
Boxten: Poppy hung it up in her room to see better.
Toodles: WOAH!! That must mean she REALLY liked it!
Boxten: Mhm...!","Toodles: Brightney, if things get dark you'll be here right?
Brightney: Yeah! Of course.
Toodles: Good, not because I'm scared of the dark or anything- because I'm not!!
Brightney: Uh huh... I get what you mean.",,"Toodles: G'awwwww, what a big doggie!
Coal: Bwoof.
Toodles: Aww, you want a treat after this?
Coal: Bork bork.
Toodles: Ginger was right, you really are a big cute rock!",,"Connie: Hey kid, you uh... like any toys...?
Toodles: Uhuh! I have a plush, of a dog! And the dog is my favorite!
Connie: ...And is there a reason the dog toy is your favorite?
Toodles: She's got a spot on her head! Just like me!
Connie: UGH- That's actually too adorable to say anything further.","Toodles: So do you use the oven alot?
Cosmo: Of course!
Toodles: I heard that's dangerous though!
Cosmo: Dangerous? Well, they could be if you're not careful!
Toodles: Oh ok!... Are you careful?
Cosmo: Hah uhm- careful enough usually!",,,,"Toodles: Eggson! Eggson! I barely ever get to see you!!
Eggson: Ohoho! Is that who I think it is!
Toodles: Hehehe! Yeah It's me! It's Toodles!
Eggson: I know! I could never forget you little one!
Toodles: Are you going to tell a story later??
Eggson: Hm... Maybe! If you're on your best behavior.","Finn: Heya Toodles, do you have a favorite sea creature?
Toodles: Uhmmm...An octopus!
Finn: Is it because it has eight tentacles? And you're an eight-ball?
Toodles: Uhmmm, uh- Yeah!
Finn: Ah, I SEA, why'd you like them then!","Flutter: ...
Toodles: Flutter, Flutter! I wish I could fly like you!
Flutter: ...?
Toodles: Oh... You're right that could actually be dangerous...
Flutter: ...
Toodles: C'mon I'm sure I'd be super careful though!",,"Toodles: Gigi, why were you carrying a big box labeled ""stuff"" or something-
Gigi: What, when did you like... see that, huh?
Toodles: I couldn't sleep well one night! I peeked down the hallway!
Gigi: Oh yeah, I forgot you live on the same floor as me.
Toodles: Uhuh!
Gigi: Forget you saw anything... Mwehehe...!","Ginger: Does a certain someone want some Christmas cookies...?
Toodles: OH, OH! ME! ME! ME!
Ginger: You'll love them, I made them myself...
Toodles: Wait... you made the cookies? Not Cosmo?
Ginger: Mhm! baked and decorated the cookies myself! I'll give you some after we're finished here.
Toodles: ...Mmm, thaaanks.","Toodles: Hmm... Can you do makeup for me later?
Glisten: For you? Of course if that's what you'd like!
Toodles: It is!! I really wanna!
Glisten: Then we will, but later! Not now.
Toodles: YES!!! I'm going to have ALL the glitter!

Glisten: Toodles! Hiii buddy! How are you? You better be good!
Toodles: I am good! Even better when you're here!
Glisten: I know... everything is better with me.
Toodles: Yeah! Even when you're doing that thing where you cry and complain to Rodger!
Glisten: ...I think that's enough chatting for now, hahaha-","Goob: Heya buddy! Are you a little scared?
Toodles: Well... a little!
Goob: That's ok! I'll be here to protect you!!

Toodles: Hmmm... Goob?
Goob: Yeees, Toodles?
Toodles: Why are your teeth scary?
Goob: Scary? ...I don't think they're scary!
Toodles: Well, they're sharp!
Goob: Being a little different isn't scary!","Gourdy: Toodles, what if we pretend you're like a super brave detective, and I'm like a villain.
Toodles: I don't have to pretend I'm a super brave detective! I am one! Hehehe
Gourdy: Nuh-uh you got scared when I pulled out Halloween decorations last year!
Toodles: Shhh!! I'm still super brave! ...Usually
Gourdy: Hehehe ok! Ok!","Toodles: Hehehe...hehe!
Looey: Hahaha... I haven't even told a joke yet!
Toodles: You don't need to! Hehehe-
Looey: Ah, and why is that my little friend?
Toodles: You already look silly!!
Looey: Oh. . . Aha... HahaHAHA-!","Pebble: Arf!
Toodles: Pebble, You're such a cute rock!
Pebble: Bworf?
Toodles: D'aawwww!!

Pebble: ...
Toodles: Pebble, why are you looking at me like that...?
Pebble: ...
Toodles: Uhhh... Ok puppy.","Poppy: Hey Toodles, what's up?
Toodles: Not this elevator, that's for sure!
Poppy: Ooh, you're right! We're going down.
Toodles: Yeah, I'm super brave though! Count on me alright?
Poppy: Hehe alright!","Toodles: Hi you both! What are you guys doing?
Razzle & Dazzle: Well we're waiting in an elevator right now! (...That is true.)
Toodles: Aw c'mon that's a little bit of a boring answer!
Razzle & Dazzle: But it's the truth. (...Would you rather that we lie?)
Toodles: Hmmm...Maybe?",,"Toodles: Rodger, tell me all about your latest cases! Please, please, please!!!
Rodger: Oh well, I'm unsure about doing that.
Toodles: Aww, c'mon!! Pleaaaase!!!
Rodger: Hmm, maybe after we finish here, then ask me again.

Rodger: If it isn't the bravest little detective!
Toodles: Hey Rodger!! Am I able to help in your next case??
Rodger: Ah, no, not exactly but maybe the next, next one!
Toodles: You've said that like... a bajillion times now.","Rudie: Are you on the nice list?
Toodles: Probably!! What about you?
Rudie: Oh for sure!
Toodles: Yay!! We’re both nice!
Rudie: That we are! Yay! Hooray! All is perfect! Ahaha!","Toodles: Your cup on your tail is neat!
Scraps: Oh! Thanks Toodles.
Toodles: Yeah!! I dunno about the dress though.
Scraps: Wha- wow, kids are harsh.","Shelly: Hey Toodles! Interested in learning about some powerful carnivores of the prehistoric?
Toodles: ...Are they like scary powerful?
Shelly: Well some of them were so powerful they could bite a tree in half!
Toodles: -EEK!!
Shelly: I-I mean... uh... No need to be scared!! Everything's okay!!","Shrimpo: I HATE ELEVATORS!!!
Toodles: Actually... they are kinda scary if you think about it-
Shrimpo: WE'RE GONNA CRASH!!!
Toodles: EEK!",,"Sprout: Heya kiddo, holding up alright?
Toodles: Mhm...
Sprout: If anything scares you, know you can come find me.
Toodles: Okay! I know!
Sprout: I'll lift you up where no scary thing could ever get to you!
Toodles: Hehehe- I get it I get it!!!

Toodles: Sprout...?
Sprout: Toodles?
Toodles: . . .
Sprout: Did you need something kiddo?
Toodles: Uh, I just wanted to make sure you were still there.
Sprout: Well, I'm still here with you haha, not zoning out.","Toodles: Do you know how to dance??
Squirm: Not really... I-it would be difficult with four legs I'd guess...
Toodles: You'd guess??? SO YOU NEVER TRIED!
Squirm: Sniffle- ...Noooo.
Toodles: You should try!! Dancing is super fun!
Squirm: I-I'd rather not...I could get hurt! And it could be NOT fun! And that'd be awful...","Toodles: Teagan… are we going to have a tea party later?
Teagan: For you? Of course!
Toodles: YAY!
Teagan: Haha! Settle down now, we have to focus!","Tisha: Toodles, how's your little adventures with Rodger?
Toodles: They're not little adventures first off!! They're BIG adventures.
Tisha: Oh! My mistake, how are your... BIG adventures with Rodger?
Toodles: He uh... doesn't take me on a lot of them.
Tisha: Well that's just because he cares for your safety.
Toodles: Yeah, yeah, I get it! Safety! And being safe! Bleh...!","Toodles: Come on! Let's go!

Toodles: I hope the next room isn't dark, for no reason of course!

Toodles: Stay brave!","Toodles: Can you swim?
Vee: . . .
Toodles: Vee? Can you swim?
Vee: What is Rodger even teaching you.
Toodles: Well... can you???
Vee: No Toodles, I cannot swim.",
VEE,"Vee: Hey Astro, If anyone gives you issues, come to me alright?
Astro: Mhm...
Vee: Or if you need to have a Machine done faster!
Astro: Alright Vee.
Vee: OR if a Twisted tries anything!
Astro: Vee, I get it... Thank you.

Astro: Vee, how's your Mic cord? Need any untangling?
Vee: You need to start worrying about yourself more.
Astro: ...Well, is it tangled?
Vee: . . .
Astro: I'll give it a look after we finish here...
Vee: Ok. Thanks, Astro.","Bassie: Vee do you have any trivia on flowers?
Vee: I have trivia on nearly every topic Bassie.
Bassie: Wow, you're... really talented! Really, really, talented!
Vee: Thanks, that's pretty nice to hear.
Bassie: I hope I can be as talented as you Vee.
Vee: ...Sure Bassie, sure.","Vee: Blot you're sure you rather keep performing with the circus crew?
Blot: .lliw syawlA (Always will.)
Vee: Well... if you ever change your mind-
Blot: !em deen syawla lliw attaY dna yeooL t'now I (I won't Looey and Yatta will always need me!)
Vee: Fine, fine, do what you'd like of course

Blot: ?no rotalsnart ruoy evah uoy oD ?eeV (Vee? Do you have your translator on?)
Vee: Yeah I do, what was it you wanted to say Blot?
Blot: -stca sucric ruo fo eno rof moor saw ereht kniht uoy did ,wohs ruoy tuobA (About your show, did you think there was room for one of our circus acts-)
Vee: ...And setting translator program off slooowly.
Blot: hgu... !eeV !nomC !eeV (Vee! Cmon! Vee! ...ugh)","Bobette: Mmm, I could go for some cookies and hot cocoa...
Vee: You could talk with Teagan about that.
Bobette: Oh yeah! Would you want to join if I asked her?
Vee: . . .
Bobette: Oh! Right... You don't really drink or eat...","Boxten: I can't believe I'm in the same elevator as THE Vee...
Vee: You're a fan of the gameshow Boxten?
Boxten: Who isn't? You've got such fun questions, I love trivia!
Vee: Haha, who doesn't!?
Boxten: Is that one of your trivia questions?
Vee: No.","Vee: Brightney! Lovely to know I have someone truly talented with me!
Brightney: Wait, like I'm truly talented as opposed to ""un-truly"" talented?
Vee: Yeah. . .?
Brightney: Yeah.
Vee: Yeah alright, good talk.

Brightney: Sooo, got any plans after this?
Vee: Hmm, not exactly but I could put something together if you're interested!
Brightney: Would you really? For me?!
Vee: Of course! You are my best contestant after all!","Brusha: Your gameshow is ok.
Vee: Your art is ok.
Brusha: Just ok?
Vee: I've seen better.
Brusha: Same can be said for your gameshow.",,,"Connie: Do you think I'd be able to haunt your screen...?
Vee: Don't try it.
Connie: OoOoo... I just might!!
Vee: I'll tell Brightney.
Connie: ...Erm, Nevermind.

Vee: -Zzst- BZT-
Connie: Someone sounds a little out of tune!
Vee: Tch, it was just for a moment.
Connie: Eh, pretty sure you make that noise a couple times throughout the week!
Vee: What, are you counting the times???
Connie: Nah, I just take notice of things! Many things! I'm a good observer.","Cosmo: Vee, are you alright..?
Vee: You're checking in on me? I mean, I'm fine honestly.
Cosmo: That's good to know, I was told you haven't been doing the best.
Vee: What? -Who said that.
Cosmo: Well, I uh...
Vee: -Never mind, I know who. Sprout can ask me himself next time.",,,,,"Finn: Heya Vee!
Vee: Five feet apart from me Finn.
Finn: Why? Is it because I smell fishy?
Vee: No, because I rather not short-circuit and need repairs.
Finn: Ah, woopsie! Almost forgot!","Vee: Flutter I know you write about me in your diary.
Flutter: ...?
Vee: Don't act like you don't! Gigi was laughing about it with you in your room!
Flutter: ...!!!
Vee: I overheard her from the hallway! -She has such a specific laugh!
Flutter: . . .

Flutter: !!!
Vee: Don't start this with me.
Flutter: !?!?
Vee: It's not my fault you never won in any of my game-shows!
Flutter: !!!
Vee: No I never knew Scraps would win so many! It's not rigged!",,"Vee: Gigi, you're not planning to keep all the items to yourself right?
Gigi: ...Maybe.
Vee: Gigi... don't just take everything for yourself.
Gigi: Ooo... no promises!
Vee: Gigi!!!

Gigi: Vee, do you need like... ALL your circuitry?
Vee: I don't like where this is going...
Gigi: Did you or did you not need that all?
Vee: I need all my circuitry, yes.
Gigi: ...Ok, sure, yeah.
Vee: Gigi, stop thinking about it.","Ginger: You know... Sometimes I binge your gameshow episodes...
Vee: Huh? Seriously? Just the gameshow segments in the seasons?
Ginger: Mhm... so much variety, so many outcomes with contestants.
Vee: Glad to know you Holiday Toons have things to keep you busy all year long.
Ginger: ...Right.","Vee: You know, you couldn't make a good game show, even if you tried.
Glisten: Goodness Vee! Ouchie, owie, ow! Fighting words are out here right now.
Vee: Yes, if 'fighting' was just the truth.
Glisten: You're right I wouldn't be good... I'd be better, I'd be perfect actually!
Vee: Sure, if you keep dreaming so much you should talk with Astro.

Glisten: Vee!! Hellooo oh bestest closest friend of mine whom I care for deeply!
Vee: ...What is it now.
Glisten: Oh you're no fun.
Vee: Well? Go on.
Glisten: Tch- Ugh... I broke my microphone. I need a spare.
Vee: Just meet me after this.","Vee: Goob, why did you never sign up for my hosted trivia?
Goob: I just wanted to cheer on my big sister!
Vee: Yeah but, wouldn't you want to prove you're smarter than her lucky guesses?
Goob: I don't need to prove that sort of thing to anyone!
Vee: ...Hm, well, If that's what you've decided, can't say I agree.
Goob: I hope you'll be able to understand someday then!

Goob: Vee, what's it like knowing so much?
Vee: Glad you asked, the knowledge and information I have recorded helps in my day to day.
Goob: Oh! Yeah it probably would!
Vee: Yup, I know all that I would need to know.
Goob: Do you even know how to give the best hugs?
Vee: I said everything I would NEED to know Goob.","Gourdy: Vee!! Vee- I have another thing i was hoping you could sign!
Vee: Another autographed item...? Well I can't say no to a fan.
Gourdy: YES,YEAH, WOO!-I mean, ahem... Thank you.
Vee: Right...","Vee: Still doing those circus acts?
Looey: Yup! You wanna come see one?
Vee: No.
Looey: Ahaha... ah.
Vee: I'm a bit too busy... maybe another time.
Looey: Oh, right, of course!","Vee: Pebble.
Pebble: Bwoof!
Vee: No, really?
Pebble: Arf!
Vee: Tell me about that later, that's actually so interesting.

Pebble: Arf!
Vee: Pebble, ugh, I don't have time.
Pebble: ...
Vee: Fine! Fine, I'll play fetch with you later! Happy?!
Pebble: Bwoof!!","Vee: Hey Poppy! You are our lucky winner today!
Poppy: Yippee! What do I win?
Vee: A brand new car!
Poppy: Oh my goodness! Really!?!
Vee: No, Poppy, does it look like we can have a car here?
Poppy: Oh yeah! I don't even know how to drive!","Vee: You know Razzle you don't need to keep sending me letters.
Razzle & Dazzle: I don't? (...I've been telling him this.)
Vee: Right, you could just... come talk to me?
Razzle & Dazzle: REALLY??? (Oh uh, Vee, are you sure about that...?)
Vee: Yeah, just swing by my room and knock of course.
Razzle & Dazzle: FOR SURE!! YES MA'AM!!(...We'll visit a reasonable amount.)

Razzle & Dazzle: VEE!! HELLO!(...Hey Vee.)
Vee: Hello, how are you both doing?
Razzle & Dazzle: AMAZING!! Right Dazzle!? (...Yeah, he's a fan.)
Vee: I can tell.",,"Vee: Rodger, do me a favor.
Rodger: That's dependent on what you plan to ask of me!
Vee: Stop trying to ask Astro questions.
Rodger: ...
Vee: Will you?
Rodger: I... can't promise such.

Rodger: Vee your knowledge could be very useful for-
Vee: I won't become your tool Rodger.
Rodger: That's not what I'm asking of you!
Vee: Sounds like it is, I'm much more than my technology.
Rodger: Apologies if you feel I was implying otherwise!
Vee: Sure Rodger, sure.",,"Vee: If it isn't Scraps! One of the luckiest Toons here!!
Scraps: I don't know if I'd call myself lucky...? But thanks.
Vee: That's great! Now answer me this winning question!
Scraps: Go on?
Vee: Who was the contestant who won ALL my prizes, EVERY time, FROM LUCKY GUESSES...?
Scraps: Uhm... me?
Vee: Y e a h.

Scraps: Hey Vee... You're not mad at me for winning all your gameshow prizes... right?
Vee: . . .
Scraps: Vee..?
Vee: . . .
Scraps: I'm... gonna take that as a yes.","Vee: So, are you busy after this?
Shelly: Huh...? OH! You're asking me!!
Vee: ...Yes, I'm talking to you.
Shelly: Nope! Not busy at all! What do you need?
Vee: Just help moving around supplies.
Shelly: Oh... uhm, right... of course.

Shelly: Want to hear some dinosaur facts?
Vee: I know them all.
Shelly: What...?
Vee: They're programmed in already Shelly, I know them all.
Shelly: Ah... right, silly me!","Shrimpo: VEE!
Vee: . . .
Shrimpo: I HATE TELEVISION!
Vee: You done?
Shrimpo: I HATE NOT HAVING THE LAST WORD!",,"Vee: Hey Berry-boy.
Sprout: You're still calling me that?!
Vee: You're a berry, you're a boy.
Sprout: Alright Outdated-tech.
Vee: ... -Sheesh.
Sprout: Sorry, that one was probably a bit far.

Sprout: You still arguing with Dandy?
Vee: I try to, but he just walks away when I approach most the time.
Sprout: Yeah that sounds about right, he does the same to me.
Vee: Yeah but he'll talk with-
Sprout: Vee. I know.
Vee: Whatever, we'll chat more on it later if you want.","Squirm: Vee... are you a-alright?
Vee: Why do you ask?
Squirm: I was told to check in on you... S-something about your batteries? Or was it the microphone?
Vee: Well I'm doing great. Better than ever. I'm actually at my most optimal right now!
Squirm: Oh... really? I-I didn't know...
Vee: Yup, you had no idea. I'm at the best point I could ever perform at, no need to question that.","Teagan: Vee you could try to be a tad kinder.
Vee: Kinder? You're acting like I'm rude or something.
Teagan: Well... sometimes you come off a bit, how do I put it-
Vee: ...
Teagan: -A bit harsh?
Vee: ...I don't think so.

Vee: Teagan.
Teagan: Vee?
Vee: I'm trying to start conversation, but honestly, I don't care about tea.
Teagan: I could assume why... Does that mean you dislike me?
Vee: No, of course not, you're a whole toon, not some regular teacup.","Vee: Tisha, any reason you're not talking with me?
Tisha: I have my reasons Vee.
Vee: Wow, so descriptive.
Tisha: I just think, you don't appreciate certain things here in Gardenview!
Vee: Still not very descriptive!
Tisha: UGH! Forget it-!

Tisha: Vee.
Vee: Tisha.
Tisha: ...
Vee: . . .
Tisha: Hmph!","Toodles: Can you swim?
Vee: . . .
Toodles: Vee? Can you swim?
Vee: What is Rodger even teaching you.
Toodles: Well... can you???
Vee: No Toodles, I cannot swim.","Vee: Is my microphone tangled?

Vee: I'm gonna need a new motherboard after that.

Vee: Question 1: Is this a waste of my time? Probably.

Vee: This would be the perfect time for a commercial!","Vee: Hey Piñata, still creeping around the place?
Yatta: HAHA-!!! It's Yatta.
Vee: Right, right... doesn't answer the question.
Yatta: It's NOT creeping! You're jealous I can be so FLEXIBLE in my movement!
Vee: ...So you're still sneaking in the vents in your free time?
Yatta: That's just how I get around!! I'm busy with ACROBATICS, MY TROUPE, and... PARTIES!!!"
YATTA,"Astro: Yatta nice to know you care deeply for your friends...
Yatta: Pft- HAhaha, how could I not! They're SO, SO, SO funny and kind!
Astro: In your dreams you always present them so highly...
Yatta: Haha I'm sure YOUR FRIENDS do the same!!
Astro: ...Right, ahem, anyways...",,"Yatta: Blot! Blot! Blot!
Blot: . . . (. . .)
Yatta: BLOT SPEAK TO ME!!!
Blot: ?...ti si tahw, attaY (Yatta ,what is it...?)
Yatta: Hehehe... Hi!
Blot: !attaY iH -tfP (Pft- Hi Yatta!)

Blot: ?stnev eht ni derots uoy ydnac eht denaelc uoy evah attaY (Yatta have you cleaned the candy you stored in the vents?)
Yatta: That's my winter storage for the cold months!
Blot: !YDNAC TNEV EDIH OT DEEN T'NOD UOY ,edisni lla er'ew ,lerriuqs a ton er'uoy attaY (Yatta you're not a squirrel, we're all inside, YOU DON'T NEED TO HIDE VENT CANDY!)
Yatta: YOU'LL NEVER TAKE MY CANDY STASH NEVEEER!!!",,"Boxten: All this running around has already gotten me a bit tired...
Yatta: BOXTEN!!! PUMP. UP. THE ENERGY!!!
Boxten: I-I... what? I mean, I am awake now!
Yatta: Yeeeah! Yatta coming with the -WAKE UP CALL!!!
Boxten: Yay?
Yatta: YAY!!!","Yatta: BRIGHTNEEEEY!!!
Brightney: Yes Yatta...?
Yatta: WHEN will we be DONE!!
Brightney: Done with... what?
Yatta: All of THIS!!!
Brightney: Hmmm, unsure, but I'll let you know if I have a clue of when.

Brightney: Huh, you're near constantly moving... have you noticed that?
Yatta: I can't NOT move! It's like, I can't sit still!
Brightney: Well, do you want to sit still?
Yatta: NOT REALLY!!
Brightney: Well... You just keep being you, and we'll be supportive.",,"Coal: Bworf, Bworf.
Yatta: OOOoooo!!! LOOK AT YOU!! What a big cutie-pie!!!
Coal: Bworf?
Yatta: I'd LOVE a pet like you! Looey says I really SHOULDN'T have a pet though!","Yatta: You look REALLY SWEET, Cocoa!
Cocoa: Aw, thanks Yatta! I try to- Wait, did you say ""look?""
Yatta: YEAH! You LOOK super sweet, like CHOCOLATE!!
Cocoa: ...Yatta, you know I'm not chocolate to be eaten right-?
Yatta: ...Right, right, uhuh... I MEAN- I KNEW THAT!!! DUH!!!
Cocoa: Yatta!! Do not even think about it!!!","Yatta: CONNIE!! Are we there yet!?
Connie: Nope, elevator is still going down.
Yatta: HOW ABOUT NOW???
Connie: Still doing the whole descending thing.
Yatta: Are we THERE YET???
Connie: Hmmm, yeah, sure, watch the doors open.

Connie: Yatta, are you ready for the next floor?
Yatta: I'm ALWAYS ready!! Unless I'm not, IN WHICH IT'S NOT ALWAYS!!
Connie: ...Yeah girl?
Yatta: YUP! Watch! And leaaaarn!
Connie: Pft, sounds like you're ready then, let's do this!","Cosmo: Yatta, think you could drop off some candy to the kitchen later?
Yatta: COULD I!?
Cosmo: ...Could you?
Yatta: COULD I?!
Cosmo: ...Yatta please.
Yatta: Yeah! I COULD!",,,,,"Finn: All of this work is REEL, difficult!
Yatta: REEL!! I GET IT!! I GET THE JOKE!!!
Finn: Haha! Yeah, like reeling in a fish!
Yatta: YES, YES, FINN- You're a genius among Toons.
Finn: Thank you! I am pretty smart huh!","Flutter: ...!
Yatta: Flutter c'mon, I'm NOT doing that!
Flutter: !!
Yatta: Haha nooo, that's SO embarrassing!!
Flutter: ...!!!
Yatta: Pft-HAHaha. Flutter! You're a silly, SILLY, butterfly aren't you!","Flyte: Cocoa told me you like candy?
Yatta: HUH? WHO? ME!?
Flyte: Yes you.
Yatta: Oh! Yeah she'd be right then! I LOOOVE CANDY!!
Flyte: Seems you love it more than I thought actually... wow.
Yatta: I mean, you can NEVER love candy TOO MUCH!!!

Yatta: HEY!! Your wings are super big! Can you carry things with them??
Flyte: Well, sometimes my wings can also be delicate, unlike proper hands.
Yatta: Uhuh- I get it! So you GOTTA be careful! I bet wings could help me!!!
Flyte: How so...?
Yatta: MY ACROBATICS!! Imagine it! The top of a tightrope! BOOM! Wings! Flying around!
Flyte: I sure could imagine that...","Gigi: Yatta, where do you like… stash all your candy?
Yatta: In my SUPER SECRET candy stash of course!
Gigi: Riiiight, but like… where is it?
Yatta: Oh! It’s just to the left of- WAIT JUst a moment.
Gigi: …No really, go ahead.
Yatta: I'm not falling for THAT ONE!!!!",,"Glisten: So, you do a bunch of clown stuff for your little clown group?
Yatta: It's NOT a clown group! It's a circus troupe!
Glisten: Right, well, aren't you all clowns?
Yatta: NOPE!! Looey kinda is-! But otherwise I'm an acrobat, and Blot's a mime!
Glisten: Oh, I guess that's not as bad as I thought.","Goob: YATTA!
Yatta: GOOB!
Goob: How are you??
Yatta: I'M GOOD!!! How are you???
Goob: I'M GOOD!!!
Yatta: Let's keep being good!!

Yatta: GOOB!
Goob: YATTA!
Yatta: How’s the whole HUG BUSINESS??
Goob: Oh! It’s not a business! I hug for free!
Yatta: FOR FREE??? Sign me up for more!!",,"Yatta: Looey, my best buddy ever, LOOEY!!!
Looey: Yeah Yatta?
Yatta: You're one of my BEST FRIENDS!!! -AND I ONLY HAVE TWO BEST FRIENDS!!!
Looey: Hahaha- Yeah? Really?
Yatta: YUP! FOREVER AND EVER!!! I just gotta remind you!

Looey: Oooh Yatta, you're doing so much better then me!
Yatta: Looey, stop, you're doing PERFECT!!!
Looey: Haha, Nooo, no, you're much better then me-
Yatta: TAKE, THE, COMPLIMENT!!!
Looey: OH! Right haha, right, taking compliments! Can do!","Yatta: Hey Pebble, do YOU want some CANDY?
Pebble: ARF! ARF!!
Yatta: WAIT, didn't Dandy say you can't have ANY candy?
Pebble: Grrr...
Yatta: OK, ok. Maybe just ONE piece.
Pebble: ARF!!

Pebble: Grrr…
Yatta: HAHA!!! Don't.
Pebble: …Woof?","Yatta: Ooooh! POPPY!
Poppy: Hii!! What's up!
Yatta: DO you know how to do.. A BACKFLIP?
Poppy: Aw, no! But I wanna!!!
Yatta: Meet me, outside of my room, MIDNIGHT SHARP.
Poppy: Oh! OK!","Razzle & Dazzle: I wish we could do acrobatics like you! (Or parties...)
Yatta: Well I'm sure you could AT LEAST, throw a party!!
Razzle & Dazzle: Oh no, Dazzle doesn't really like parties. (Too many people...)
Yatta: But WHAT about the THEATRE?! Your PLAYS!? THE ACTING!!!
Razzle & Dazzle: It's simple! (My mind, it focuses to the script lines... It helps...)",,"Rodger: Yatta! How are your friends doing?
Yatta: WHICH ONES???
Rodger: The circus troupe you’re always seen with...?
Yatta: OH YEAH!! What about them.
Rodger: Any odd ongoings with you lot?
Yatta: HAHAHAha... I’m not telling you.",,"Yatta: MEOW MEOW MEOW!!!
Scraps: Are you... making fun of me?
Yatta: Oh! Haha! NO! I love cats!
Scraps: Well, I'm not really a cat, just sort of... cat-like?
Yatta: YEAH! You're a craft! A PAPER CRAFT!!
Scraps: Yeah! Exactly!","Yatta: SHELLY!
Shelly: W-what??? Huh? -Me?
Yatta: Yes YOU! Tisha said you learned sewing?
Shelly: Yeah... YEAH! Are you interested!?
Yatta: YEAH!! YEAH!! SHOW ME LATER!!
Shelly: OH YEAH!! I mean like- of course! Perfect! Later!

Shelly: ...So you do acrobatics Yatta?
Yatta: BACKFLIPS, FRONTFLIPS, SUPER COOL FLIPS!!!
Shelly: Right.. you're like super agile then.
Yatta: SOMETIMES, EVERY SO OFTEN- I travel through Gardenview's vent systems!
Shelly: Oh.","Yatta: HAHAHaha...I don't like you.
Shrimpo: I HATE YOU!!
Yatta: HATE, is such a strong word!!
Shrimpo: ARE YOU QUESTIONING MY STRENGTH!?
Yatta: HAHahaha. I don't NEED to question it.
Shrimpo: ...I HATE BEING CHALLENGED BY SOMEONE TALLER THAN ME!!!",,"Sprout: Yatta... you really have to calm down with how much candy you eat.
Yatta: WHY!?
Sprout: It's a bit concerning honestly.
Yatta: WHAT? ME?? CONCERNING???
Sprout: Uh, yeah, you concern me like almost always.
Yatta: HAHA-! I get that A LOT MORE than you'd think!","Yatta: BOOK EATER!! You should come watch my acrobat tricks!! They're SO entertaining!
Squirm: Snf... sniffle-
Yatta: HEY! ...Why are you going to cry? -Don't cry!! Acrobats make people smile!
Squirm: Youuuu called me book eateeer....SNIFFLE-
Yatta: You don't like that?? OOPS- You're not ""book eater"" then!! You're uh- uh- AWESOME WORM!
Squirm: snif-...I-I like that better...-I guess I can come watch some tricks...","Teagan: Yatta maybe it's time you relax with a bit of tea...?
Yatta: I am NOT going to one of your tea parties!
Teagan: But don't you love parties...?
Yatta: NOT WHEN THE PARTY IS SITTING! -Can't, keep, STILL!!!
Teagan: Ah, I understand... maybe we put together a different party?
Yatta: YES, YES, YEEEEES!! That I'll consider!","Yatta: TISHA!
Tisha: What is it now Yatta?
Yatta: What if I ATE all the candy I left around?
Tisha: Well, don't do all that!
Yatta: WHY!?
Tisha: Because I care about your well-being???

Tisha: Yatta, please... pick up after yourself with the candy!
Yatta: I CAN'T CARRY IT ALL!! Trust me, I would if I COULD!!!
Tisha: Yatta, PLEASE.
Yatta: I DON'T KNOW WHAT TO TELL YOU!!!","Toodles: I've been hearing some scary noises at night recently...
Yatta: AW- from where little buddy???
Toodles: Uhm... uh... like the walls?
Yatta: OH!! THAT MAY BE ME!! I am NOT to be feared!
Toodles: Huh? Why are you in the walls? I wanna explore the walls!
Yatta: I'll take you on my NEXT, UPCOMING, VENT SYSTEM EXPEDITION!",,"Yatta: PHEW! Good thing my tail hasn't been TANGLED!

Yatta: Did I drop candy ANYWHERE in the elevator?

Yatta: AHAHAHAaaa... Thought of something funny!"
